"fire_fly_id","cluster"
157602,2
163342,2
164038,5
172341,6
186718,5
202085,5
222970,2
249430,5
263422,5
284009,2
295112,1
445409,5
584489,6
586691,1
587257,2
587720,1
588023,5
588103,1
588570,1
588817,2
591589,2
593549,5
595732,1
596728,4
597631,2
599515,4
601268,1
602764,2
606912,3
614148,5
634625,2
637614,1
638866,2
639500,5
646505,1
648409,2
2361483,2
2386543,5
2388932,2
2394169,1
2394994,1
2397084,5
2400082,2
2403751,5
2420606,1
2423488,1
2435362,5
2437974,1
2444124,2
2464248,5
2470105,2
2474781,5
2479826,5
2480960,5
2483323,5
2490732,1
2494201,1
2511770,5
2513569,5
2524238,3
2528788,5
2537533,5
2538923,5
2541061,5
2547093,2
2550216,5
2550733,5
2554287,5
2561437,2
2601448,5
2603094,2
2606287,2
2606601,1
2607294,5
2611706,5
2621764,1
2629405,5
2630258,2
2638702,2
2639125,1
2642052,2
2650872,2
2653307,5
2660604,5
2672800,1
2685312,2
2685503,1
2687404,3
2688060,1
2692656,2
2693121,5
2695914,2
2696336,4
2698184,1
2700683,1
2701734,2
2702483,5
2702865,2
2704708,2
2707029,2
2710940,1
2712607,2
2725581,2
2732435,2
2733541,5
2734627,2
2735876,5
2756368,5
2758674,2
2765622,1
2770543,2
2776045,2
2778618,5
2786821,2
2792078,5
2806513,5
2811929,5
2814943,5
2821276,5
2821675,2
2834446,1
2834990,2
2853377,1
2855340,2
2865352,2
2869006,5
2873980,5
2875288,1
2875498,2
2875814,1
2877060,1
2878031,5
2878485,1
2880996,1
2885121,2
2892953,1
2902537,5
2908577,5
2916407,2
2944976,2
2953589,1
2953991,1
2958764,2
2965416,2
2966771,5
2969646,2
2970610,3
2986148,2
2986923,1
2996511,5
3008370,5
3012151,1
3012376,5
3016748,5
3018651,2
3021451,5
3028843,5
3034002,1
3035612,2
3036403,5
3064824,5
3065097,5
3067510,2
3088933,5
3090320,5
3105488,5
3112401,2
3145943,6
3149644,2
3150918,2
3151121,1
3152213,4
3152947,1
3152986,4
3153062,1
3153429,2
3153597,5
3155230,4
3155295,2
3155398,2
3155555,1
3155560,5
3155581,2
3155623,1
3155705,3
3155718,3
3155731,3
3155777,5
3155850,4
3160086,5
3160339,5
3160445,4
3160477,1
3160512,1
3160561,1
3160706,5
3160755,5
3160763,2
3160805,4
3160816,2
3160845,5
3160892,1
3161220,6
3161349,3
3161355,5
3161375,1
3161401,5
3161412,2
3161416,2
3161595,5
3161707,2
3161713,4
3161833,5
3162002,5
3162050,5
3162129,5
3162203,5
3162213,5
3162244,1
3162261,5
3162347,5
3162357,5
3162358,2
3162376,5
3162413,5
3162416,5
3162432,2
3162486,5
3162504,5
3162551,5
3162625,3
3162686,1
3162706,5
3162731,4
3162773,2
3162807,1
3162856,5
3162894,2
3162933,5
3162981,2
3163064,5
3163085,5
3163135,5
3163136,4
3163345,3
3163496,5
3163541,4
3163622,1
3163666,2
3163789,5
3163897,2
3163930,5
3163988,5
3164032,5
3164061,5
3164165,5
3164171,5
3164303,1
3164304,3
3164343,2
3164391,5
3164410,2
3164507,4
3164628,1
3164758,3
3164787,2
3164799,2
3164904,4
3165041,6
3165086,2
3165112,4
3165291,5
3165325,5
3165336,5
3165344,5
3165397,3
3165416,2
3165421,2
3165554,5
3165618,1
3165696,1
3165721,4
3165736,5
3165752,5
3165848,6
3166029,4
3166046,5
3166212,5
3166219,4
3166222,5
3166338,4
3166462,5
3166537,2
3166569,4
3166692,4
3166912,5
3166991,1
3167030,5
3167138,2
3167180,4
3167234,5
3167244,4
3167333,5
3167335,1
3167379,2
3167557,4
3167681,3
3167753,2
3167931,5
3168004,1
3168240,5
3168247,4
3168292,4
3168340,5
3168407,5
3168471,5
3168601,3
3168661,5
3168734,5
3168765,3
3168794,4
3168950,5
3168995,2
3169136,1
3169357,5
3169361,5
3169564,5
3169567,2
3169617,3
3169718,6
3169764,2
3169993,4
3170183,6
3170225,5
3170257,1
3170370,5
3170416,5
3170471,5
3170560,5
3170565,3
3170696,4
3170726,3
3170734,2
3170745,5
3170918,5
3170950,5
3170961,2
3171122,5
3171170,3
3171205,1
3171207,5
3171418,1
3171598,5
3171659,1
3171686,1
3171721,3
3171883,1
3171910,5
3171924,5
3171935,1
3171992,5
3172036,5
3172141,4
3172208,5
3172377,1
3172699,3
3172789,5
3172812,2
3172832,4
3172864,3
3172929,5
3172951,4
3173151,4
3173307,5
3173405,5
3173543,1
3173603,4
3173811,4
3173852,2
3173880,2
3173929,4
3173980,1
3174037,5
3174457,5
3174488,4
3174635,1
3174711,5
3174755,1
3174781,2
3174844,5
3174965,5
3174992,2
3175032,2
3175036,2
3175072,1
3175110,5
3175154,5
3175214,5
3175242,5
3175528,5
3175580,4
3175583,4
3175695,6
3175705,1
3175864,1
3175937,2
3176032,4
3176115,4
3176230,5
3176250,4
3176449,2
3176457,4
3176477,5
3176673,5
3176702,1
3177052,1
3177105,5
3177167,5
3177183,2
3177196,5
3177222,5
3177326,5
3177388,1
3177411,5
3177414,5
3177531,3
3177577,3
3177693,5
3177748,5
3177750,2
3177919,5
3178155,4
3178565,5
3178584,2
3178612,2
3178666,2
3178681,3
3178684,1
3178729,1
3178863,5
3178954,5
3179015,2
3179019,4
3179040,5
3179287,5
3179598,5
3179604,1
3179658,2
3179775,2
3179918,1
3179956,5
3179991,4
3180038,5
3180060,5
3180125,5
3180136,4
3180230,5
3180315,2
3180360,4
3180475,5
3180650,4
3180654,5
3180670,5
3180682,5
3180726,1
3180973,5
3180977,6
3181193,1
3181344,2
3181360,5
3181374,5
3181432,5
3181460,1
3181476,4
3181589,5
3181751,1
3181770,5
3181858,2
3181911,2
3182111,2
3182124,1
3182155,5
3182301,5
3182378,2
3182398,5
3182415,2
3182547,3
3182566,5
3182736,4
3182907,3
3182918,3
3182991,1
3183115,3
3183250,3
3187146,5
3187242,5
3187334,1
3187371,2
3187655,5
3187732,3
3187830,3
3188109,4
3188126,5
3188213,1
3188474,5
3188520,3
3188575,1
3188955,5
3189034,5
3189153,5
3189205,4
3189217,5
3189218,5
3189490,4
3189499,5
3189630,2
3189637,5
3189723,2
3189759,5
3189806,5
3189820,5
3189931,5
3189934,1
3189935,1
3189945,3
3189954,1
3190032,2
3190070,3
3190087,4
3190178,2
3190210,1
3190394,5
3190408,5
3190508,5
3190770,5
3190925,5
3190952,1
3190993,1
3191055,5
3191398,5
3191442,2
3191702,5
3191875,5
3191879,5
3191898,1
3191967,5
3192047,5
3192067,4
3192081,1
3192161,5
3192433,5
3192447,5
3192670,4
3192726,1
3192817,5
3193039,2
3193145,4
3193328,6
3193523,3
3193560,2
3193824,1
3193852,1
3193979,5
3194130,6
3194134,1
3194310,5
3194489,1
3194761,2
3194813,1
3194822,1
3194830,3
3194972,4
3195201,2
3195358,5
3195456,4
3195901,3
3196141,6
3196432,1
3196467,5
3196509,2
3196554,4
3196644,5
3196733,2
3196738,4
3197059,6
3197121,1
3197152,5
3197224,3
3197503,1
3197599,1
3198276,4
3198502,4
3198626,2
3198693,2
3198766,4
3199121,3
3199129,5
3199151,1
3199188,2
3199338,3
3199528,4
3200026,5
3200234,5
3200380,6
3200729,2
3200831,5
3201085,5
3201356,5
3201743,5
3202104,5
3202145,2
3202426,5
3202428,5
3202496,1
3202645,1
3202882,4
3203044,2
3203059,4
3203207,5
3203234,4
3203456,5
3203510,5
3203519,4
3203621,1
3203864,3
3203932,2
3204100,5
3204250,5
3204644,5
3205013,2
3205133,4
3205340,5
3205416,6
3205477,2
3205545,5
3205879,4
3206105,2
3206182,5
3206249,2
3206383,5
3206591,5
3206635,2
3206695,3
3207083,1
3207130,1
3207254,2
3207528,3
3215375,1
3215454,5
3215701,5
3216050,4
3216207,2
3216253,2
3216257,2
3216260,3
3216653,2
3217024,1
3217148,5
3217297,3
3217409,1
3217419,5
3217864,5
3217899,6
3218041,5
3218284,5
3218342,4
3218442,5
3219221,5
3219280,5
3219374,1
3219423,1
3223311,1
3223707,3
3223772,2
3224275,4
3224843,3
3225494,2
3225676,4
3228137,3
3230030,6
3230199,2
3235216,3
3238043,5
3238187,5
3241277,5
3241561,5
3241602,5
3241619,5
3241755,5
3242073,1
3242111,5
3242340,2
3242481,5
3242513,5
3242598,5
3242755,2
3243351,4
3243673,2
3243713,5
3243922,4
3243934,4
3244354,5
3244508,4
3244649,2
3244714,5
3244854,6
3245114,4
3245392,5
3245673,2
3245807,5
3245945,2
3245977,1
3246243,3
3246513,3
3246528,3
3246574,2
3247077,4
3247086,2
3247282,5
3247381,5
3247482,2
3247674,4
3248189,5
3248257,4
3248262,4
3248483,1
3248577,2
3248715,5
3249196,2
3249317,5
3249411,1
3249448,5
3249819,4
3249902,5
3250039,5
3250212,3
3250414,5
3250463,4
3250952,3
3251166,3
3251409,5
3251633,3
3251871,5
3251977,2
3251993,4
3252110,2
3252811,3
3253197,1
3253657,5
3253658,5
3253672,5
3253691,4
3253768,2
3254236,5
3254570,5
3254615,1
3254721,5
3254741,5
3254767,4
3255070,5
3255081,3
3255424,4
3255444,5
3255558,1
3255612,5
3255779,1
3255928,5
3255973,1
3256074,4
3256680,2
3257101,1
3257571,4
3257621,5
3257711,5
3259140,5
3259492,2
3259699,5
3260234,5
3260764,2
3261325,6
3261338,1
3261687,1
3261940,2
3262141,4
3262190,3
3262664,1
3262736,5
3262746,3
3263127,4
3263188,2
3263640,3
3263917,4
3264584,2
3264768,5
3264850,2
3264902,1
3265506,2
3265538,2
3265692,4
3266027,4
3266224,3
3266310,2
3266402,2
3266739,2
3267100,1
3267235,4
3268083,4
3268569,5
3268664,1
3268753,4
3269672,2
3270846,3
3270986,5
3271458,5
3271557,5
3271601,3
3271616,1
3273195,5
3273230,5
3273479,5
3273998,5
3274465,2
3275482,5
3275783,6
3276079,2
3276092,1
3276393,5
3276410,4
3276988,2
3277137,5
3277290,4
3277979,5
3278053,5
3278062,3
3278234,5
3278244,5
3278456,5
3278765,5
3278844,5
3278877,2
3278887,1
3278911,2
3278917,3
3279084,1
3279807,2
3280066,5
3280218,3
3280291,2
3280320,4
3280471,5
3280747,5
3280886,5
3281016,5
3281543,5
3282433,5
3283415,6
3284005,2
3284110,1
3284144,6
3284181,4
3284259,5
3284311,2
3285285,5
3285439,5
3285668,5
3286712,5
3287210,2
3289338,1
3289854,6
3290218,6
3290313,5
3291370,5
3291604,5
3292546,5
3293244,3
3293663,1
3294687,3
3295263,5
3295659,5
3295732,4
3296463,5
3296545,4
3297475,3
3297691,5
3298013,3
3298402,5
3298551,2
3298759,5
3298848,3
3298992,1
3299377,1
3299628,4
3299742,5
3300770,5
3301012,3
3301105,5
3302019,5
3302022,4
3302367,3
3302749,5
3302763,5
3303320,5
3304826,1
3304924,1
3306439,2
3306726,5
3308313,3
3309625,5
3309773,5
3309910,5
3311292,4
3311797,5
3312179,5
3312404,1
3312903,2
3313072,4
3313421,5
3313772,3
3313790,5
3313970,2
3314035,5
3315392,1
3315561,5
3316603,2
3316736,6
3316805,2
3317224,1
3318538,4
3323166,5
3323446,5
3323459,5
3325014,5
3325556,3
3328127,4
3328146,5
3328219,1
3328803,5
3329218,1
3329264,1
3329887,2
3331128,4
3331198,5
3331300,5
3331479,2
3333317,5
3333366,5
3333904,2
3334204,3
3334556,1
3335158,1
3335346,2
3335467,1
3335972,2
3336140,5
3337118,2
3337217,2
3338244,5
3338596,2
3339147,3
3339208,1
3340213,2
3340247,1
3340274,5
3341058,4
3341236,1
3341372,3
3341411,5
3343195,5
3343228,2
3343397,5
3343709,2
3348251,5
3349092,6
3349583,5
3350980,5
3351147,5
3351390,2
3353724,3
3353996,1
3354792,5
3354985,1
3355019,5
3356039,1
3356331,1
3356746,1
3356769,2
3356790,5
3357089,2
3357334,2
3357343,5
3357388,4
3357527,1
3358400,5
3359325,3
3368008,5
3379130,3
3380530,2
3380615,1
3380665,5
3381575,5
3381831,2
3382374,1
3384526,5
3384827,3
3384838,4
3386420,5
3387268,3
3389118,2
3389266,5
3390092,2
3390400,2
3390540,5
3390904,4
3391624,2
3392036,2
3393829,5
3396482,5
3397924,5
3398456,5
3399833,2
3399916,5
3400000,4
3400156,4
3400508,5
3402038,3
3402232,1
3402359,1
3402662,5
3402742,5
3403531,1
3403561,1
3403653,1
3403734,5
3404051,3
3404266,2
3404476,2
3404948,5
3407302,5
3407873,5
3412184,3
3412257,3
3413105,6
3414461,3
3415096,4
3415322,1
3418823,1
3418829,5
3419553,5
3422204,5
3422680,5
3422745,5
3422858,5
3422893,5
3422941,4
3423040,1
3423580,1
3423705,2
3424193,5
3424677,3
3426153,1
3427010,6
3427063,3
3427116,5
3427187,3
3428208,2
3428267,1
3428324,5
3428743,5
3428928,1
3431086,5
3431201,5
3431447,3
3431639,5
3432285,4
3433484,6
3433877,5
3434557,5
3434812,5
3434913,3
3435106,5
3435741,5
3435999,1
3440137,5
3441167,2
3443602,5
3444026,5
3445604,3
3447039,3
3449193,5
3449711,1
3449730,1
3449846,4
3449882,1
3450247,5
3451242,5
3451256,5
3451267,5
3451475,1
3452884,5
3455164,1
3456387,5
3457252,5
3460100,3
3460753,5
3460921,3
3462174,1
3462473,5
3463540,4
3463701,5
3463916,2
3464225,5
3465255,3
3465490,1
3466353,3
3467300,1
3467749,5
3468510,2
3471079,4
3472153,5
3472407,2
3472453,2
3472990,5
3475865,5
3475920,3
3478588,1
3478681,1
3478712,2
3481783,2
3485306,1
3485534,2
3486151,5
3486399,3
3487975,5
3489575,3
3490387,2
3492606,6
3492666,1
3493433,4
3493459,1
3493525,1
3496477,5
3497085,6
3497404,3
3497470,4
3498540,1
3498688,2
3500871,1
3500983,5
3501160,5
3502624,5
3503581,5
3503805,3
3503914,5
3504297,5
3513165,2
3513417,6
3513549,2
3516661,5
3517001,2
3517363,4
3517408,2
3518138,3
3519595,2
3520460,5
3521182,5
3522056,5
3522630,5
3522741,2
3523490,3
3526403,4
3527388,6
3527869,5
3528223,4
3528398,5
3529108,3
3529229,3
3530963,5
3531668,2
3532288,2
3533479,5
3534457,1
3534656,5
3534980,6
3535181,3
3536714,1
3537289,5
3537836,4
3538124,3
3538175,5
3538257,5
3538360,1
3538849,5
3539550,5
3539693,3
3540280,2
3540514,4
3685203,5
3689090,1
3690160,4
3703726,2
3705099,6
3708091,5
3708380,5
3708639,5
3709591,5
3710083,4
3711794,5
3711835,5
3712743,1
3713201,5
3714023,2
3717790,3
3719297,2
3719326,1
3719789,5
3722498,1
3722746,1
3724187,1
3724397,5
3725430,5
3727775,3
3727778,3
3729440,5
3730038,5
3730828,5
3731424,2
3731550,3
3731931,2
3733286,1
3735949,2
3737807,3
3739172,5
3739289,4
3743271,1
3744217,1
3744591,1
3745328,2
3745396,2
3747760,5
3747790,4
3747990,1
3750182,4
3750509,2
3751259,2
3752819,5
3757631,5
3930409,5
3930897,3
3930973,3
3932609,1
3933360,1
3936271,5
3936514,1
3938046,6
3938355,2
3942850,3
3952406,5
3953769,5
3953833,5
3954457,5
3954646,5
3956940,5
3957239,2
3957722,5
3965741,4
3968014,2
3969608,5
3969652,5
3972113,5
3972881,4
3972998,4
3973220,5
3973399,5
3973751,2
3974894,1
3975774,3
3976312,2
3977166,1
3977275,3
3977377,1
3978050,1
3978716,1
3978959,5
3979678,5
3979705,5
3980577,5
3981024,1
3981047,5
3981494,2
3981542,2
3982258,5
3982520,1
3982536,3
3982751,1
3983284,5
3983649,5
3983711,3
3983784,5
3984028,2
3984170,5
3984309,5
3984477,5
3984528,2
3984613,2
3984727,5
3984731,1
3984987,2
3985000,5
3985092,2
3985122,5
3985143,1
3986644,5
3986658,3
3986767,4
3987039,5
3987395,3
3987463,5
3988127,5
3988187,2
3988362,5
3988408,5
3988697,5
3989169,1
3989576,1
3990715,2
3990918,5
3991445,5
3992627,3
3992999,5
3993692,1
3993697,3
3995848,5
3996952,4
3997689,5
3998417,5
3998895,5
3999083,3
3999250,1
3999816,1
3999847,5
3999849,1
3999879,5
4000412,2
4001460,1
4002094,2
4002900,5
4003190,2
4004278,2
4005596,1
4005760,5
4005814,4
4006142,5
4006833,1
4007499,5
4008262,5
4011139,1
4011452,5
4012315,4
4012931,1
4014644,3
4015373,5
4019735,5
4019919,3
4020168,5
4020702,3
4020844,2
4023744,5
4024465,2
4026371,5
4026589,2
4026947,4
4027138,5
4027172,2
4027244,4
4027374,5
4028872,4
4030233,3
4032018,2
4032309,5
4032433,2
4033124,6
4033410,4
4033530,4
4033775,1
4033863,2
4034166,5
4034243,1
4035144,5
4035295,5
4035658,1
4036088,1
4039402,5
4039516,4
4039929,2
4039962,2
4040379,5
4040609,4
4041488,4
4042703,3
4044226,5
4044643,2
4045089,1
4045278,3
4045633,1
4045849,5
4046029,5
4048098,2
4048843,1
4049116,2
4049287,1
4049450,1
4050145,5
4050865,5
4053762,5
4054178,1
4055690,5
4055778,5
4057217,2
4058608,5
4061777,4
4062140,5
4062843,5
4065750,5
4066940,4
4068359,1
4068475,1
4069295,1
4069791,5
4070552,5
4071677,2
4072309,5
4072504,4
4075245,5
4075684,1
4076109,2
4076434,5
4076465,5
4078492,2
4079597,5
4079795,3
4079939,3
4081298,1
4081955,6
4083170,5
4084722,2
4085600,5
4085864,1
4087841,2
4088946,1
4090865,5
4092213,2
4094631,5
4094769,3
4096213,1
4101588,5
4101824,1
4102719,4
4103646,5
4104302,1
4106467,5
4461632,1
4461867,1
4462224,1
4462385,1
4463489,3
4463659,3
4464098,5
4471518,2
4474983,1
4476015,5
4476297,5
4477593,5
4481305,2
4481430,2
4484214,2
4485519,5
4486656,1
4486849,2
4488308,5
4488840,4
4489968,1
4490602,1
4639350,1
4640054,2
4640122,5
4640852,5
4641627,5
4643243,5
4644188,5
4645941,4
4646171,5
4646813,1
4649237,5
4649807,5
4652019,5
4652175,1
4652900,3
4653869,5
4657003,5
4657227,6
4661291,2
4662875,5
4671233,5
4671623,5
4673263,5
4673694,2
4673950,5
4674756,5
4675644,5
4675853,5
4676548,5
4685578,5
4685896,4
4687201,5
4687369,2
4689068,5
4689228,2
4689237,1
4689929,5
4691147,5
4692581,2
4694813,5
4695198,6
4695693,1
4697908,4
4697961,2
4698397,3
4698689,1
4698700,5
4699809,5
4699830,3
4700306,5
4700399,5
4700648,5
4700937,5
4701058,5
4701660,5
4701674,5
4702055,1
4702242,5
4703066,5
4704217,4
4705425,4
4705543,2
4706780,4
4707475,5
4707627,1
4710060,5
4710635,1
4711362,5
4711581,4
4712437,5
4712665,2
4712715,2
4713008,5
4713176,2
4713668,2
4713966,2
4714274,5
4714565,5
4716915,5
4717017,5
4717513,3
4718915,4
4719208,2
4720076,1
4721263,5
4721659,5
4722473,4
4725864,5
4726087,1
4726477,5
4726708,2
4730620,5
4730683,3
4731886,1
4732090,5
4732132,2
4732473,2
4733822,6
4734249,3
4735331,4
4737531,5
4739221,5
4739910,5
4741864,5
4744890,4
4745205,1
4745370,1
4747370,2
4747635,2
4749014,3
4751012,1
4752132,5
4752389,4
4756004,5
4761643,2
4762586,5
4763249,4
4763555,2
4763638,5
4765406,1
4771210,5
4775206,3
4776582,2
4777287,5
4777735,2
4779033,2
4779483,1
4787105,5
4787575,2
4791407,3
4792168,5
4792184,5
4792449,1
4793921,5
4794350,3
4796221,5
4796314,5
4796455,5
4796754,5
4800792,4
4801807,2
4802783,5
4803364,2
4804054,1
4804515,6
4810154,3
4810331,1
4811798,5
4813089,5
4814973,1
4815638,2
4815650,5
4815758,5
4815785,1
4815920,2
4816090,5
4816091,5
4816264,4
4816631,5
4816850,5
4817003,5
4817172,5
4818231,5
4818996,5
4820018,5
4820265,5
4820297,6
4965165,2
4966469,1
4967836,2
4968091,3
4970375,3
4971487,2
4971623,4
4971667,5
4971897,5
4972071,1
4974765,5
4975625,5
4979324,4
4979965,1
4981367,5
4982151,5
4983819,5
4984558,1
4987032,2
4989654,2
4990025,5
4992991,5
4993266,2
4994240,5
4994244,5
4994436,2
4994960,6
4995756,6
4995992,5
4997110,5
4998105,5
4998606,5
4999066,4
4999588,4
5003135,4
5003713,1
5003961,2
5004792,1
5004805,4
5006567,5
5006703,2
5006776,2
5007328,5
5008246,1
5008352,6
5010242,5
5010294,3
5010567,5
5012059,5
5015033,5
5015263,5
5015530,2
5016633,1
5016904,5
5016924,5
5018264,5
5018337,2
5018755,5
5018778,1
5018783,5
5018883,5
5019744,5
5020703,5
5021104,2
5022379,5
5022617,5
5023856,3
5024941,5
5121442,1
5126877,4
5128490,4
5129696,1
5134013,5
5141736,2
5141774,4
5141988,3
5142689,1
5144030,1
5144273,1
5145098,5
5146580,4
5150920,5
5151774,4
5155454,2
5157483,1
5158139,5
5161035,1
5163750,2
5164004,5
5166315,5
5166549,5
5171111,1
5171121,1
5173565,5
5174103,6
5174234,5
5174236,5
5175737,1
5176712,4
5176899,3
5179154,1
5181639,3
5182441,5
5183744,5
5184711,5
5185697,1
5185980,5
5186735,2
5189172,5
5191610,5
5191661,2
5192278,5
5193080,5
5193760,5
5194358,5
5194483,2
5194555,3
5194925,5
5195045,5
5195255,1
5195376,5
5195459,2
5195814,4
5195820,5
5195910,4
5196898,3
5198163,1
5199319,5
5200030,3
5202450,1
5208071,5
5208122,1
5212131,3
5222221,5
5224196,2
5224298,4
5224424,4
5224650,5
5224879,2
5226020,2
5228034,5
5228824,5
5229337,5
5230495,5
5233968,2
5233985,5
5234167,5
5234859,5
5235154,5
5237241,1
5238893,5
5242598,5
5252605,3
5252759,5
5253726,3
5255919,5
5256666,5
5258291,5
5260404,2
5261177,4
5261495,4
5261975,5
5262314,5
5262343,5
5262827,3
5263172,2
5263642,5
5265724,1
5266692,6
5267003,2
5269637,5
5270476,1
5276722,5
5278139,4
5278209,5
5278907,5
5279918,3
5286755,1
5289438,5
5291920,1
5293802,1
5293842,3
5301696,2
5302567,1
5303434,2
5305948,5
5306572,2
5307289,5
5308062,4
5308371,5
5308490,5
5309274,5
5309584,5
5310311,1
5311055,2
5312757,2
5315341,2
5318163,5
5326079,5
5326227,1
5326689,5
5329267,3
5329290,2
5330549,1
5331119,1
5332111,2
5332218,1
5333089,4
5335196,1
5336272,5
5338160,1
5341263,5
5342958,2
5343258,5
5343483,1
5343959,5
5350633,4
5351930,4
5353260,4
5353514,4
5379935,2
5380627,4
5384448,4
5384556,6
5385702,5
5391589,5
5391741,3
5392181,1
5393951,5
5396377,5
5396611,3
5396889,2
5397192,3
5398684,5
5407845,5
5414095,2
5414336,1
5419814,5
5421111,5
5423629,5
5426080,3
5426236,2
5426756,5
5426912,5
5429518,5
5432461,5
5434034,5
5435643,5
5436212,1
5439980,5
5441039,2
5441073,1
5443658,5
5445416,5
5447384,5
5448203,5
5448501,5
5449455,4
5449616,5
5449909,5
5453403,5
5456678,4
5457055,1
5457159,3
5458657,4
5465898,1
5467323,5
5468144,5
5477040,4
5479134,1
5480634,5
5482908,1
5483184,4
5483257,3
5484563,1
5488907,5
5494444,5
5498446,5
5502671,4
5503474,5
5504198,6
5510402,5
5510619,5
5515885,6
5526501,5
5526821,4
5528713,2
5531105,5
5532054,2
5534483,1
5535090,5
5535534,2
5538655,1
5540683,5
5541212,5
5541986,1
5545082,1
5548791,3
5550304,5
5551228,1
5555984,2
5557642,1
5558428,3
5558956,5
5559098,4
5559151,5
5559197,1
5575539,1
5577872,4
5579252,5
5579515,4
5581444,5
5583026,3
5585111,3
5585966,1
5600361,5
5604663,5
5605559,2
5605878,4
5606990,3
5613410,5
5615698,6
5616565,2
5619634,3
5623914,5
5628229,5
5628945,5
5630150,2
5630380,6
5635682,5
5635925,3
5638503,4
5640070,1
5643085,1
5643960,1
5651483,6
5654824,5
5655281,4
5658069,5
5659266,3
5668340,3
5668993,1
5672531,2
5672912,5
5672921,5
5674313,2
5679958,5
5681793,4
5686286,4
5687210,4
5688247,5
5693000,2
5693461,4
5693902,1
5694343,2
5697171,1
5697393,1
5706989,1
5708223,5
5710715,2
5716397,5
5716992,1
5727116,1
5740122,2
5740936,5
5744389,5
5745038,2
5747999,5
5753383,5
5755078,1
5757079,3
5757183,5
5759276,2
5760415,5
5761064,1
5764779,1
5766055,5
5766430,5
5766447,5
5766794,5
5773897,2
5775958,5
5778041,5
5780980,2
5781596,2
5783625,4
5784189,3
5784672,2
5785586,2
5786855,1
5787218,5
5788440,5
5788456,2
5789664,5
5790018,4
5791568,1
5791799,5
5801535,1
5801628,1
5803028,2
5803530,5
5804781,5
5806130,5
5806420,5
5808598,2
5809323,5
5810189,5
5814414,5
5822961,5
5827207,3
5827303,1
5833655,5
5837337,1
5844439,5
5845440,2
5845664,5
5845954,1
5847842,2
5848110,1
5848594,2
5849902,3
5854334,1
5855641,5
5857331,5
5858564,5
5858653,1
5862500,1
5862762,1
5862878,5
5866229,5
5866689,1
5866895,1
5871265,2
5871502,4
5874981,2
5876018,5
5876156,2
5877807,5
5879174,5
5885035,5
5887031,5
5887042,6
5889418,1
5893000,1
5893245,3
5899302,5
5900741,2
5901652,1
5903791,3
5904212,4
5906964,5
5907235,1
5908553,5
5911936,1
5911977,5
5914511,5
5923313,1
5925113,4
5925984,5
5928183,1
5934913,4
5937184,4
5938176,5
5940006,5
5942025,2
5942812,5
5945310,5
5946386,5
5951917,5
5955133,5
5956956,5
5957840,5
5959154,3
5966582,5
5967277,5
5970387,5
5971283,5
5975615,5
5984614,6
5984918,2
5989774,5
5991666,5
5995565,4
5996408,6
5996719,2
5997138,3
5998525,1
5998719,3
5999345,5
5999350,5
5999631,1
6000343,5
6005019,1
6012668,1
6014146,3
6015564,2
6016440,1
6017491,1
6019423,2
6019595,1
6019717,2
6021277,5
6024779,1
6025224,5
6027037,5
6027201,2
6029647,5
6030189,2
6030426,4
6031237,4
6035589,4
6037232,5
6040101,5
6069146,5
6069269,5
6070300,5
6074100,4
6074441,1
6076273,4
6077894,2
6079470,4
6080110,2
6080380,2
6081156,6
6084487,5
6086317,5
6087433,2
6091855,2
6094081,2
6104875,3
6106971,1
6108127,5
6113679,3
6116515,4
6117752,3
6121316,5
6122186,4
6130579,1
6132093,5
6134353,5
6148982,5
6149147,3
6151344,5
6153865,4
6155342,5
6160149,5
6161268,2
6161836,1
6163123,3
6166308,2
6166747,4
6168246,3
6172461,5
6174741,5
6178331,5
6178680,5
6179384,4
6179975,1
6181157,4
6185901,5
6187331,5
6188400,3
6188500,3
6189208,5
6192712,5
6192961,4
6193067,5
6195908,5
6197978,2
6198304,5
6207558,2
6211390,4
6212297,4
6213806,1
6222269,2
6222884,5
6223867,5
6224915,4
6225862,1
6226493,5
6227345,5
6233773,4
6233978,5
6240387,5
6244017,2
6247189,1
6247328,2
6247484,1
6248213,5
6248556,1
6248637,1
6250058,4
6263639,2
6264333,5
6265781,2
6267470,4
6270162,2
6274413,4
6274827,5
6274899,1
6275357,4
6276500,5
6277288,2
6277465,1
6277570,1
6278226,4
6281882,5
6282283,4
6282324,5
6283238,3
6284312,4
6284374,3
6285516,2
6286769,4
6287185,2
6288101,1
6292220,1
6294036,5
6294972,2
6296565,1
6298271,5
6299590,3
6300058,5
6300693,1
6300890,3
6301027,2
6301766,2
6304787,5
6310228,4
6310741,3
6314522,5
6316159,5
6316293,4
6318101,3
6319288,2
6319575,5
6322477,1
6323619,5
6324210,4
6326362,5
6329980,5
6332096,5
6333110,2
6337158,2
6343807,2
6344269,1
6345461,2
6345589,5
6345664,4
6353427,1
6358694,4
6359539,5
6360671,5
6360792,2
6362487,3
6363564,2
6369676,5
6380369,5
6381892,5
6383842,5
6386578,2
6387164,5
6393424,5
6399308,2
6399918,2
6401325,5
6402048,2
6408810,5
6412086,4
6412364,5
6415131,4
6417046,2
6417611,1
6418722,1
6421838,5
6421883,5
6426039,1
6431042,5
6433993,1
6436379,2
6437133,5
6441124,5
6441667,2
6444114,2
6445278,5
6446487,5
6449292,2
6452392,5
6453189,2
6457183,2
6458175,5
6460607,5
6462366,5
6465520,5
6468590,5
6468729,5
6468882,1
6471537,5
6473392,2
6474596,5
6475332,5
6476848,4
6477984,3
6482061,4
6488879,5
6489527,2
6489666,3
6489965,1
6490318,4
6494296,1
6495533,2
6495933,2
6497208,2
6503973,3
6509787,1
6510571,1
6512378,4
6514571,1
6515753,5
6516712,2
6517032,2
6525178,2
6530083,5
6535194,2
6538307,5
6538976,1
6540361,5
6541407,1
6544867,5
6548218,5
6548605,5
6549045,2
6643271,5
6724808,5
6739429,1
6808499,5
6813292,5
6845759,5
6871449,5
6874533,2
6881572,5
6911528,1
6921601,5
6938252,4
7010947,5
7013345,1
7019352,1
7048001,4
7050086,3
7052076,1
7059935,5
7060562,4
7105681,2
7149420,1
7161197,5
7165650,5
7166730,5
7169084,5
7171014,1
7193168,1
7195154,1
7199622,4
7202008,4
7202459,1
7205196,2
7205508,5
7206334,4
7211520,5
7213295,5
7217268,4
7220485,2
7222647,2
7224320,5
7224458,5
7225467,5
7226285,2
7226798,1
7230207,2
7238087,2
7242569,4
7242815,4
7243501,3
7245984,5
7252099,1
7254723,5
7256406,5
7257382,4
7259886,3
7260451,5
7260626,5
7268017,5
7268081,1
7268419,5
7271228,2
7275977,5
7285157,2
7289691,1
7291596,4
7291718,5
7292109,5
7294651,2
7296902,1
7297871,5
7303519,6
7304817,1
7311108,1
7311157,1
7314622,6
7315946,4
7316329,5
7321474,5
7323684,5
7323734,5
7323740,4
7323879,3
7324066,2
7324333,3
7326926,2
7327369,5
7327377,1
7328869,3
7330306,5
7331136,5
7331153,3
7331490,5
7332499,3
7334489,2
7336742,2
7337015,1
7337362,1
7342338,5
7346621,3
7348289,4
7350838,5
7354731,5
7355436,5
7356664,5
7360870,4
7364771,4
7366181,5
7369733,5
7372377,1
7374666,5
7477430,5
7502896,1
7524263,5
7557594,2
7561304,5
7592385,4
7634053,5
7639878,1
7641007,1
7643430,4
7644462,6
7671474,5
7673545,5
7688815,5
7747174,5
7749928,5
7770408,5
7775727,1
7785953,4
7816833,2
7817147,5
7842831,5
7847288,5
7860968,3
7862878,5
7871143,4
7883513,1
7892220,2
7909567,4
7911470,2
7914407,1
7927458,5
7927574,5
7947249,2
7977973,5
7995407,5
8007889,4
8022735,2
8037523,5
8059894,5
8090463,5
8092251,5
8099758,5
8135898,6
8137764,1
8145818,5
8174036,5
8221463,5
8238047,1
8244755,4
8244871,4
8302830,3
8310036,5
8318171,5
8329563,1
8374323,2
8384070,1
8392086,6
8405256,5
8421128,5
8434870,2
8443722,5
8485950,4
8492693,5
8494333,6
8495304,5
8498801,5
8504631,4
8539477,3
8546443,5
8553005,5
8578866,1
8584424,5
8588104,4
8631851,5
8635844,4
8645793,5
8646085,4
8650467,5
8659927,5
8664673,1
8679701,5
8689237,3
8695670,5
8695707,1
8695936,1
8696211,2
8696261,5
8734071,2
8754583,5
8759416,2
8759713,4
8772544,5
8775905,6
8787642,5
8799486,5
8813123,5
8842909,5
8847788,2
8857107,4
8860369,5
8880496,5
8903547,2
8906670,4
8908879,5
8909668,5
8913326,1
8933365,5
8944536,2
8968937,1
8975018,5
8977257,5
8980107,1
8988107,5
9002317,1
9009196,4
9011631,5
9037868,5
9046857,3
9048106,4
9050525,2
9051126,4
9061989,2
9069967,5
9077830,3
9078862,5
9090620,5
9092785,5
9103971,5
9114686,5
9115206,5
9133679,2
9140517,5
9146839,5
9164408,6
9203457,5
9213504,5
9216367,5
9216413,5
9224643,4
9231585,6
9234039,5
9235562,1
9276010,5
9276656,5
9300034,2
9309048,2
9319881,2
9332860,4
9344007,1
9366441,5
9389042,5
9409783,5
9425398,5
9426166,1
9429471,5
9433838,5
9492218,5
9497485,3
9499873,5
9541022,5
9542472,2
9565020,5
9583063,1
9609105,5
9613453,2
9657520,2
9668775,5
9683766,4
9685883,5
9690511,5
9729617,4
9755302,4
9780030,1
9791706,1
9792991,5
9824659,4
9824693,5
9828490,5
9841993,1
9847127,4
9848655,5
9865457,5
9876403,4
9887086,2
9897112,5
9898571,2
9930772,2
9930973,5
9934005,5
9943840,5
10013925,5
10032571,2
10036110,5
10056325,5
10075000,4
10075589,5
10107026,3
10109910,4
10132002,5
10139315,1
10161439,3
10194728,5
10233042,5
10250006,5
10261790,3
10262716,5
10269536,5
10292625,5
10310431,1
10313338,5
10329025,1
10341220,5
10343472,5
10345800,5
10383568,5
10387475,5
10395698,5
10396987,5
10403338,1
10412280,5
10413037,5
10414531,5
10416566,5
10463664,4
10485207,5
10485279,1
10506794,5
10533589,1
10540329,5
10541141,1
10544361,5
10550798,6
10554211,5
10581154,2
10590550,5
10618514,1
10622158,5
10680038,5
10695559,5
10714117,4
10715587,2
10716309,5
10721392,5
10721417,5
10722114,5
10727842,6
10735654,2
10737586,5
10738176,1
10742764,2
10744640,2
10747371,2
10750363,4
10752723,4
10752724,5
10757031,5
10863362,1
10896261,1
10916823,4
10960571,1
11053090,5
11096481,5
11167276,5
11167446,5
11168457,4
11169185,5
11169223,5
11169232,5
11172661,5
11188160,2
11225376,5
11244912,1
11332011,5
11357717,6
11489254,5
11640484,4
11646505,1
11835860,4
11863252,1
11963296,2
12041734,4
12251220,5
12254941,1
12336806,1
12341192,2
12341311,6
12403950,2
12426828,3
12436133,5
12454962,5
12519624,5
12530899,2
12559755,1
12561535,5
12562434,1
12587066,3
12613828,1
12614347,5
12615185,5
12673812,5
12676491,5
12693163,3
12720504,2
12720793,5
12721213,2
12743425,1
12771176,6
12819009,5
12819977,5
12822935,4
12845197,5
12847983,2
12848096,5
12876914,2
12900924,5
12926170,1
12951350,5
12951424,4
13003286,5
13054676,5
13055324,4
13065734,5
13137865,1
13140322,3
13183894,1
13230015,5
13230091,5
13232935,3
13258779,2
13283457,1
13285094,5
13310207,3
13310765,5
13334717,5
13361987,5
13362075,5
13362767,4
13391101,1
13391610,5
13449034,2
13450042,3
13473787,5
13476025,5
13492441,1
13497860,5
13530479,1
13584977,1
13598871,5
13607848,5
13614487,5
13616389,1
13709355,5
13745996,5
13809403,5
13820502,4
13832157,4
13832300,2
13832864,5
13863451,4
13907272,4
13911237,5
13995218,5
14017222,5
14049704,3
14088054,5
14160206,4
14313992,2
14314032,1
14492648,5
14500404,5
14502772,5
14503800,5
14503814,6
14510004,5
14511374,5
14517394,1
14523479,2
14523821,2
14524755,5
14539058,5
14544277,3
14546781,5
14558284,5
14559402,5
14560497,5
14562492,5
14568409,2
14569315,5
14572187,2
14575707,4
14585548,5
14585595,2
14591488,5
14595555,2
14596530,2
14599210,4
14599221,2
14600175,5
14602125,5
14604870,2
14609634,4
14612192,5
14629107,4
14631728,2
14633295,1
14633636,5
14636094,5
14636284,1
14636760,4
14637603,5
14637947,5
14647366,4
14652055,1
14654269,5
14655410,5
14657469,2
14660818,3
14668031,2
14671295,2
14671865,5
14673628,3
14680367,5
14684287,5
14687755,5
14691307,1
14691575,2
14694727,2
14700950,5
14701331,3
14701336,6
14702613,1
14702676,5
14706656,5
14711915,2
14720152,5
14720795,5
14724583,1
14728272,2
14728712,5
14731333,5
14733130,5
14738214,3
14741230,4
14741422,5
14742194,2
14744865,5
14747932,6
14753467,4
14753623,4
14766182,5
14768968,1
14773892,5
14775367,1
14790641,5
14791342,2
14794547,2
14795085,5
14798680,5
14800468,1
14835273,6
14844237,6
14847341,1
14888994,5
14897735,1
14920567,5
14923680,2
14928431,5
14930309,5
14934122,5
14947706,1
14949244,5
14951843,2
14952348,2
14952886,5
14958636,5
14965022,1
14965838,5
14976028,5
14978018,2
14985986,1
14987902,6
14996212,2
15004511,4
15005687,1
15007737,3
15009917,1
15010223,5
15018069,5
15018576,5
15019977,3
15023619,5
15025021,5
15026765,5
15038196,6
15038695,4
15040635,5
15041937,2
15042709,1
15045456,2
15046303,1
15053926,5
15059730,2
15060681,5
15064056,5
15067240,5
15073601,5
15074043,4
15074688,5
15076270,1
15079270,4
15082195,5
15083066,1
15085267,4
15086373,5
15087342,5
15092733,5
15093089,5
15095208,5
15098465,5
15101470,2
15108217,1
15109897,5
15112820,5
15112913,3
15115945,5
15119157,1
15126444,5
15139216,5
15144684,4
15147735,5
15149782,5
15156696,1
15157070,2
15161003,5
15163446,1
15165564,1
15166663,1
15167965,5
15168649,5
15169083,2
15170973,2
15175714,5
15184197,5
15186949,1
15188950,1
15189681,5
15192398,2
15204348,1
15206003,1
15206896,5
15207201,1
15207664,5
15208205,1
15214073,2
15215452,3
15215481,5
15217139,6
15219535,5
15290704,5
15292400,2
15292628,5
15293797,6
15295555,5
15295880,1
15299621,4
15487858,1
15908118,3
15913098,5
16189451,5
16190188,5
16191788,2
16192222,4
16405826,1
16531756,5
16637957,2
16729006,1
16917010,5
17055532,5
17056138,2
17057261,1
17061499,5
17062232,4
17067160,1
17068648,4
17101412,3
17101554,2
17104134,5
17104586,3
17106526,5
17419226,1
17550348,4
17729641,5
17864755,2
18135652,4
18137623,2
18137997,3
18142587,5
18148179,2
18162362,5
18163961,2
18164448,1
18168198,6
18171550,3
18171891,4
18571188,5
18608705,3
19000199,5
19413239,1
19606569,5
19606712,5
19612687,2
19613860,3
19615869,2
19616360,1
19634623,5
19650381,6
19651361,5
19657746,1
19669170,5
19690139,3
19697137,3
19699232,5
19703858,5
19705839,5
19711634,5
19712044,5
19721882,4
19722710,3
19724435,5
19725250,4
19727779,3
19727973,2
19731536,4
19733332,5
19737294,5
19738319,1
19739073,2
19740411,6
19742294,5
19744013,5
19744631,5
19745101,4
19745853,5
19751725,5
19757774,2
19759228,4
19761794,2
19764495,1
19764527,1
20542549,5
20840326,2
20841554,5
20843355,1
20845150,2
20845691,1
20846861,1
20851232,2
20851525,5
20851728,5
20853265,1
20857646,4
20857731,1
20858726,5
20861215,5
20862110,5
20863519,3
20863594,1
20865794,2
20874387,4
20887284,5
20893756,5
20895491,2
20907067,3
20912818,1
20916629,2
20924056,2
20926476,5
20929489,5
20931856,2
20934980,4
20935056,3
20939878,6
20940042,2
20940336,1
20943930,2
20943987,3
20951728,5
20963728,1
20965669,2
20968733,1
20969632,5
20973050,1
20975745,5
20976295,4
20982071,1
20983261,5
20988897,5
20992570,5
20993652,4
20994898,5
21015696,5
21020295,2
21023820,1
21027988,5
21037766,5
21040272,3
21042063,5
21055993,2
21064536,3
21066684,3
21093075,2
21096023,5
21105453,3
21109837,2
21112108,5
21132651,5
21165867,6
21182504,5
21188002,2
21216733,5
21226887,5
21230721,1
21238282,5
21245939,1
21250006,1
21253870,1
21257743,1
21266277,1
21271764,2
21272331,2
21273654,4
21291443,2
21293420,3
21295896,5
21297221,4
21299519,3
21299838,3
22345929,3
22391356,5
22505876,5
22767095,5
23077745,5
23096212,1
23096589,2
23100377,5
23105640,5
23108170,5
23113901,5
23123044,5
23126587,5
23126616,5
23126736,4
23130113,5
23134262,1
23141866,5
23144887,5
23145288,5
23175056,2
23177041,5
23187170,3
23189847,3
23192612,5
23192942,4
23196455,6
23198436,1
23202581,5
23202633,4
23204924,1
23210937,3
23211618,5
23211897,3
23212527,2
23215460,3
23221403,5
23223062,4
23226920,5
23228385,2
23231026,5
23231948,5
23234589,5
23234978,5
23235474,4
23235491,5
23238402,1
23241956,2
23247060,5
23248629,5
23250713,4
23252165,4
23253848,5
23255631,4
23257524,5
23258856,5
23260008,5
23260967,2
23261510,2
23263642,6
23266321,4
23268651,3
23268915,5
23272204,1
23273571,1
23274241,2
23274521,2
23277480,4
23278805,4
23282690,5
23283171,5
23283932,5
23288424,1
23288434,1
23290639,4
23297675,5
23298973,5
23302740,6
23303962,5
23304783,5
23305447,5
23306054,1
23308806,5
23310048,2
23310606,2
23311482,5
23324090,2
23324465,5
23325762,1
23327438,2
23327563,3
23328376,6
23328565,3
23328731,5
23331780,6
23385846,4
23389152,2
23392748,2
23392996,4
23393739,3
23398125,5
23398959,2
23416912,1
23418516,5
23419615,2
23420150,4
23421647,5
23424768,4
23426213,3
23426441,4
23426453,4
23427912,5
23428975,5
23429267,5
23431724,4
23431979,2
23436057,5
23442295,3
23443330,2
23444876,4
23448719,5
23453663,5
23454668,4
23456411,4
23456826,1
23459931,1
23460494,5
23461393,5
23461530,5
23461927,2
23473025,1
23486504,1
23506784,2
23507153,1
23539633,2
23625416,5
23626871,2
23627796,4
23629373,5
23630957,5
23631692,5
23633053,1
23656261,5
23665294,4
23702359,5
23703433,2
23705789,5
23712113,3
23712200,5
23714755,4
23716719,5
23717724,2
23718867,1
23719113,1
23719266,4
23721519,4
23722635,4
23727991,5
23730790,3
23733761,4
23744043,4
23744516,3
23752906,6
23756136,1
23756668,1
23757692,5
23761152,1
23770930,1
23771720,1
23775521,5
23775807,1
23779262,1
23782440,5
23783651,2
23784586,3
23790770,5
23791888,1
23793089,3
23795168,4
23805370,5
23835656,2
23836701,2
23841400,5
23841608,2
23841707,4
23846889,4
23847007,2
23851243,5
23857612,5
23858364,5
23859435,2
23861049,5
23862320,5
23866605,4
23870790,5
23872328,1
23873268,4
23875943,2
23915455,3
23960513,5
23960752,1
23961161,3
23963096,5
23963410,1
23963526,1
23963680,2
23983716,2
23984080,1
23986944,5
23987461,4
23987708,5
23987830,6
24005019,5
24006725,2
24008948,4
24009056,1
24011857,3
24013558,5
24096502,4
24096766,5
24097010,2
24097126,6
24098291,5
24098815,1
24099728,5
24111462,2
24111904,2
24115134,6
24120735,5
24121782,5
24121871,2
24121998,5
24141830,5
24239235,5
24244178,4
24244787,5
24246310,4
24248011,5
24252913,5
24255932,2
24256196,5
24261670,1
24265683,1
24275649,1
24291091,5
24292980,1
24293725,5
24340204,1
24340497,2
24342704,5
24344356,4
24344757,5
24345439,5
24345602,4
24347333,5
24364630,5
24365402,5
24388021,5
24392349,1
24408213,5
24408690,5
24413358,5
24415644,4
24417799,2
24418379,2
24439674,5
24452256,2
24453701,2
24455081,4
24456272,4
24456935,2
24457370,5
24458226,4
24458652,2
24462719,2
24492592,4
24505713,4
24509422,2
24511299,5
24512003,2
24512134,5
24512273,4
24514970,5
24524132,1
24528843,4
24529849,1
24530035,3
24531418,5
24535017,4
24535670,5
24535717,4
24536733,1
24537151,1
24539098,4
24541436,2
24542641,1
24544165,5
24545978,1
24548240,5
24550898,4
24556979,4
24583752,5
24584265,4
24593956,1
24595908,5
24596047,5
24624895,5
24626991,5
24627683,5
24627691,5
24628858,5
24628891,5
24629043,3
24634442,1
24635534,5
24643013,5
24643695,1
24644530,1
24644922,1
24647714,5
24650716,2
24651149,5
24652280,4
24652569,2
24652647,2
24653676,2
24653815,1
24654063,5
24655986,5
24656902,6
24657651,5
24658121,3
24658737,2
24659100,5
24659388,5
24659425,5
24659437,5
24659619,5
24659890,5
24660510,5
24660715,5
24661200,5
24661224,4
24661505,5
24661527,5
24661643,5
24661696,5
24661902,1
24662410,5
24662802,5
24664593,5
24665225,2
24677572,1
24677604,1
24677893,5
24680552,4
24680554,4
24681245,5
24682482,5
24685048,4
24686045,5
24688895,5
24701115,5
24709185,5
24709700,5
24710612,1
24712966,5
24713289,5
24713303,5
24713912,3
24713965,4
24714568,6
24715728,5
24727834,1
24728285,1
24734995,3
24745505,2
24751042,2
24751428,5
24754055,5
24764631,5
24765787,5
24766249,5
24768253,3
24768460,4
24771249,4
24784078,5
24784338,4
24784909,2
24785701,5
24794547,5
24796454,3
24796694,5
24797014,5
24797352,5
24797445,4
24798208,5
24798904,5
24800632,5
24803069,1
24804523,5
24805314,2
24806659,4
24806786,5
24807046,5
24807573,4
24810399,5
24811402,5
24814412,5
24816690,5
24818052,5
24820640,5
24823575,5
24823829,5
24824761,2
24824820,5
24825243,5
24825349,2
24825478,6
24825854,5
24828120,5
24828498,2
24829835,5
24829952,5
24831701,2
24832908,5
24838204,5
24838336,1
24839336,1
24841440,1
24841472,5
24842780,5
24842835,4
24842852,1
24843112,1
24846670,5
24847452,5
24852534,5
24855740,2
24856528,5
24858318,5
24862080,1
24862212,5
24862345,4
24864114,5
24865315,6
24865703,5
24867092,2
24867622,5
24869368,5
24869577,5
24869898,5
24869901,5
24871221,5
24872718,5
24874894,2
24876075,5
24876597,3
24877327,5
24879408,3
24881762,5
24883447,5
24892225,5
24893906,1
24894909,4
24896716,5
24900993,5
24904141,5
24904213,1
24909421,5
24915449,5
24921408,5
24923057,2
24924535,5
24927338,5
24928584,1
24929429,5
24929430,5
24929595,5
24931318,5
24932139,2
24935924,6
24939687,2
24939995,5
24943322,5
24943338,5
24944994,5
24945242,5
24945476,1
24946247,5
24946891,5
24947392,5
24947598,5
24947665,5
24949636,5
24950262,5
24951333,5
24952058,5
24952627,3
24952760,2
24952786,5
24957315,4
24960164,4
24961949,5
24963821,5
24966022,5
24966517,2
24971454,4
24973005,2
24975206,5
24995197,4
25118256,5
25118621,5
25118779,1
25126142,5
25129977,5
25131380,5
25134855,1
25134900,3
25136207,5
25136452,5
25136828,5
25137515,5
25138754,4
25139593,5
25142698,5
25143821,5
25144626,5
25145172,5
25146385,5
25147088,5
25147355,2
25147988,5
25150340,2
25151437,5
25152934,5
25155357,5
25158644,2
25160786,5
25164241,5
25165260,5
25171145,5
25174449,4
25178149,1
25179375,4
25179600,5
25182357,3
25186440,4
25188797,1
25188867,5
25191537,1
25192347,3
25192915,1
25196601,5
25197754,1
25198232,1
25199260,1
25200364,5
25202529,5
25203938,3
25204775,4
25205269,1
25205824,5
25207086,4
25207325,5
25209222,5
25209594,5
25210330,5
25212098,5
25214138,1
25218360,5
25218546,5
25219724,5
25221292,5
25226389,5
25229822,5
25234715,5
25235214,4
25239117,5
25245472,5
25247733,5
25250574,5
25251127,5
25251575,3
25253659,2
25254224,5
25254272,5
25256016,5
25256331,1
25258024,1
25261294,5
25262129,5
25262550,5
25263478,5
25265301,5
25266819,5
25268989,5
25270371,5
25275021,5
25275893,1
25277348,5
25278884,1
25280536,5
25280550,1
25281128,3
25281838,1
25282690,5
25282768,2
25283265,1
25283362,5
25284583,5
25288037,5
25288157,2
25290778,5
25297836,4
25298299,5
25299804,5
25301648,2
25302121,5
25308033,5
25308034,1
25308329,5
25308488,5
25311131,5
25311154,5
25311196,5
25311340,5
25311409,5
25311714,2
25312620,1
25314010,5
25314151,5
25321683,5
25322749,5
25324165,5
25324659,4
25326413,5
25335347,2
25337949,5
25338625,5
25338907,3
25339187,5
25339429,4
25341039,1
25348947,2
25349932,4
25350942,6
25352228,5
25352358,5
25352569,2
25352834,5
25352969,3
25353201,5
25353346,5
25354218,5
25355835,5
25357802,5
25358062,5
25359095,1
25360101,5
25368068,5
25369263,3
25370135,5
25370436,2
25372418,5
25372833,5
25375117,2
25378187,3
25380004,5
25380792,5
25386026,5
25386289,5
25387081,1
25390798,5
25395231,5
25395664,3
25396916,5
25399680,5
25400241,5
25401474,6
25401612,1
25404464,5
25404594,5
25409062,4
25411394,5
25411659,5
25412208,6
25414401,5
25425080,5
25425687,2
25426053,5
25428229,5
25428461,5
25429369,3
25431397,5
25433964,5
25434979,5
25435973,1
25436862,1
25437499,5
25438246,5
25438554,5
25440037,5
25440924,2
25443889,5
25445294,4
25445357,2
25446449,5
25451106,4
25453187,5
25454030,5
25458008,5
25461158,3
25463083,1
25465054,3
25465767,1
25466032,5
25466511,5
25474980,3
25481405,5
25482600,1
25482605,2
25484886,5
25488953,5
25489246,5
25489409,3
25489502,4
25489818,5
25490329,5
25491881,2
25493455,5
25494168,6
25502326,5
25504765,5
25504964,5
25505112,5
25509093,6
25514925,5
25517896,5
25518908,5
25519861,1
25520622,5
25523642,4
25525213,5
25525411,4
25528395,2
25529130,4
25531514,1
25533109,5
25534188,5
25535623,5
25535629,2
25538348,1
25539712,5
25539750,5
25540217,5
25540249,5
25540366,5
25541956,4
25543455,5
25544222,2
25544614,5
25544655,5
25544917,5
25548706,5
25549113,5
25549120,5
25550704,2
25552167,5
25553752,3
25554220,4
25555798,5
25555806,5
25557092,5
25559301,5
25559308,5
25561296,5
25565415,5
25567546,4
25570744,1
25570770,5
25570879,5
25573215,5
25573709,4
25573921,5
25574713,2
25575895,5
25577625,5
25578328,5
25578734,1
25580561,5
25580678,2
25582088,5
25582531,5
25582590,3
25583035,4
25583102,5
25584598,5
25586402,5
25587975,5
25588272,4
25589057,4
25591972,2
25592722,5
25592774,5
25592884,5
25593184,5
25595024,5
25595710,2
25596865,5
25596975,5
25596979,5
25597383,5
25597391,5
25599272,5
25601905,4
25605050,5
25605729,5
25606160,5
25608712,5
25609166,5
25609218,5
25609875,2
25611605,5
25614603,2
25614800,5
25615194,3
25617000,5
25617077,5
25618202,5
25618930,5
25619440,2
25620575,5
25620679,5
25621467,5
25621497,5
25622668,1
25623569,1
25624769,1
25626388,5
25630643,3
25632580,5
25632838,5
25633038,2
25634603,5
25635612,5
25640819,5
25642060,5
25643869,5
25645989,2
25657890,5
25659830,1
25665169,5
25665426,5
25665768,5
25665820,5
25666554,5
25669633,5
25672386,5
25672530,5
25678828,5
25681020,5
25682250,5
25683859,5
25684154,5
25685050,3
25686219,2
25686670,5
25697294,5
25697591,5
25697600,5
25699701,5
25702460,5
25710718,5
25714179,5
25716394,2
25717666,4
25718250,5
25723813,4
25723989,5
25724212,2
25724266,5
25726521,4
25726989,5
25727126,5
25727233,5
25728518,4
25729375,1
25736684,5
25739323,5
25748674,3
25753724,5
25753802,5
25773497,5
25775099,5
25775173,5
25778828,5
25783125,2
25794165,4
25795210,5
25797673,5
25816220,5
25838972,5
25846983,5
25855315,5
25858076,5
25859636,5
25859759,5
25860443,6
25860882,3
25890913,5
25891047,5
25891309,5
25891572,5
25892454,5
25894617,5
25897178,5
25899560,1
25901099,5
25905388,5
25905389,5
25905739,4
25906759,5
25907318,3
25913364,1
25913784,5
25913860,3
25919779,5
25919891,5
25919900,5
25920373,5
25920437,1
25923896,2
25927194,5
25927682,5
25928273,4
25930184,4
25930831,5
25935616,5
25940317,5
25941749,5
25942397,5
25943269,5
25944025,5
25946288,5
25946844,5
25953097,5
25953236,5
25956804,4
25959346,5
25962554,4
25962716,5
25962760,5
25962846,5
25966681,5
25967855,5
25968040,5
25971084,5
25972862,5
25972916,5
25975234,5
25975999,5
25978288,5
25979134,1
25983777,2
25986044,6
25986386,5
25987561,5
25989205,5
25991925,5
25997229,3
25999888,4
26004574,5
26009942,5
26013776,5
26014311,5
26014498,5
26017709,4
26019340,5
26020151,4
26020168,4
26020325,5
26021740,5
26024302,4
26025347,5
26030885,5
26035485,5
26038335,5
26038564,5
26039033,5
26039542,5
26042708,5
26043424,5
26045806,5
26049564,5
26050224,5
26050277,5
26052746,4
26054788,5
26055176,5
26069406,1
26069485,2
26069680,5
26071763,5
26073250,5
26075019,5
26075223,3
26077736,5
26080029,5
26086636,5
26086641,5
26087003,2
26090493,5
26092970,2
26095105,5
26096179,5
26103034,5
26103925,5
26104265,5
26112799,4
26113336,5
26114303,2
26122812,1
26122843,5
26127889,2
26128060,5
26129562,5
26132660,5
26135002,5
26138999,5
26139683,5
26140996,5
26142441,5
26145792,5
26151852,5
26152849,5
26154378,5
26154779,5
26154985,3
26155931,5
26157599,5
26158193,5
26158616,5
26164077,5
26165981,5
26171047,5
26175502,3
26176904,5
26177681,5
26178479,4
26179281,5
26181020,5
26181802,5
26182343,2
26184712,5
26186288,1
26186684,5
26187447,5
26188036,5
26188432,5
26192019,5
26194624,5
26200560,5
26203312,5
26206898,5
26209162,4
26209412,5
26211566,5
26213940,5
26214317,6
26216104,5
26216874,5
26217302,4
26226255,5
26226280,1
26227004,5
26229866,5
26233510,5
26235370,5
26235396,5
26236871,2
26242351,5
26242500,5
26244226,5
26247229,5
26248320,5
26248531,5
26249654,6
26250840,5
26251999,5
26254204,5
26255714,1
26257375,5
26258005,5
26258161,5
26263933,5
26264458,5
26266883,1
26269825,4
26270419,4
26272461,5
26272720,5
26272880,5
26275711,5
26276415,4
26280025,5
26280188,5
26282930,5
26283048,5
26284433,1
26288455,5
26288795,2
26289048,6
26294874,5
26295666,5
26297141,5
26297370,5
26297552,5
26298088,5
26298592,5
26304461,5
26305532,5
26307051,1
26310477,5
26311413,5
26311426,5
26312123,4
26316997,4
26319296,4
26320968,5
26320975,5
26321784,5
26331884,5
26333656,5
26335577,5
26336419,5
26339702,5
26357148,6
26357637,5
26386122,5
26388102,1
26391421,5
26393323,5
26394924,5
26398200,5
26398672,5
26402426,5
26403655,5
26405563,5
26411524,5
26415585,5
26417167,5
26420317,5
26421624,5
26425733,5
26426240,5
26428985,5
26435689,5
26437943,5
26438682,5
26439939,5
26449079,5
26451044,2
26460167,5
26460381,4
26461065,5
26462338,5
26464000,5
26464205,5
26464252,5
26469920,5
26475144,5
26480882,5
26481283,4
26484936,5
26491051,5
26491889,1
26492170,5
26500383,5
26504672,5
26506392,5
26509165,6
26512514,5
26514230,6
26517746,4
26520062,4
26536348,4
26536387,5
26537619,4
26547227,4
26547321,5
26548254,5
26551374,5
26557624,5
26560917,5
26567203,4
26570593,5
26572506,5
26573277,5
26575270,5
26579990,2
26583350,3
26586915,5
26594997,5
26598971,5
26599257,4
26603260,5
26605318,4
26610719,5
26613088,4
26617120,5
26617195,5
26618210,2
26619482,5
26619555,5
26621387,5
26621752,4
26621966,5
26623025,5
26625557,5
26627111,4
26627164,5
26627846,5
26628838,5
26629491,5
26630039,5
26635023,2
26640740,2
26643967,5
26654478,5
26654782,5
26659060,5
26665384,5
26668117,5
26669281,5
26672387,2
26672493,5
26678230,5
26683319,5
26683768,5
26689559,5
26689796,5
26694252,5
26695339,5
26696007,5
26699130,4
26699135,5
26702295,5
26703058,5
26703267,5
26704522,5
26709141,1
26709457,6
26709491,5
26712431,5
26713767,5
26716861,5
26722500,5
26723464,5
26725947,5
26727065,1
26728503,5
26729061,5
26730762,5
26732511,5
26732889,5
26741561,5
26741813,5
26743829,4
26745280,1
26749546,5
26750591,5
26754514,5
26754751,5
26755085,5
26761825,5
26763906,5
26766544,5
26775615,2
26778429,5
26780012,5
26780585,5
26781487,5
26788358,5
26793683,5
26795166,2
26799149,5
26802427,1
26803361,5
26804889,5
26805976,5
26806601,5
26814488,2
26817689,5
26818484,5
26819089,5
26826553,4
26827677,5
26828099,5
26829556,5
26829778,5
50858893,5
50858915,5
50858917,5
50859074,5
50859118,5
50859168,5
50859183,5
50859272,5
50859273,5
50859307,5
50859316,5
50860235,5
50860417,5
50860494,5
50860609,5
50860642,5
50860690,5
50860916,5
50860918,5
50860976,5
50860980,5
50861059,5
50861679,5
50861702,5
50861713,5
50861811,5
50861822,5
50861826,5
50861919,5
50862014,5
50862073,5
50862155,5
50862171,5
50862230,5
50862255,5
50862264,5
50862265,5
50862288,5
50862349,5
50862385,5
50863127,5
50863411,5
50863438,5
50863449,5
50863456,5
50863490,5
50863539,5
50863545,5
50863546,5
50863559,5
50863693,5
50863707,5
50863763,5
50863791,5
50863797,5
50863810,5
50863826,5
50863836,5
50863848,5
50863878,5
50863920,5
50864625,5
50864751,5
50864854,5
50864862,5
50864899,5
50865016,5
50865060,5
50865066,5
50865218,5
50865296,5
50865478,5
50865510,5
50865519,5
50865791,5
50865851,5
50865937,5
50866189,5
50866228,5
50866288,5
50866310,5
50866498,5
50866517,5
50866993,5
50866995,5
50867031,5
50867036,5
50867164,5
50867388,5
50867757,5
50867848,5
50867856,5
50868314,5
50868325,5
50868368,5
50868401,5
50868404,5
50868409,5
50868669,5
50869051,5
50869357,5
50869492,5
50869545,5
50869552,5
50869649,5
50869656,5
50869683,5
50870149,5
50870259,5
50870400,5
50870531,5
50870602,5
50870726,5
50870792,5
50870957,5
50871712,5
50871789,5
50871844,5
50871853,5
50871901,5
50871978,5
50871990,5
50872392,5
50872673,5
50872798,5
50872922,5
50872953,5
50873024,5
50873231,5
50873353,5
50873372,5
50873394,5
50873460,5
50873469,5
50873476,5
50873512,5
50873514,5
50873525,5
50873566,5
50873578,5
50873582,5
50873600,5
50874550,5
50874698,5
50874784,5
50874806,5
50874835,5
50874858,5
50874886,5
50874888,5
50874967,5
50874971,5
50875142,5
50875499,5
50875820,5
50875951,5
50876154,5
50876156,5
50876157,5
50876201,5
50876219,5
50876241,5
50876316,5
50876457,5
50876516,5
50876544,5
50876574,5
50876575,5
50876585,5
50876616,5
50876686,5
50876724,5
50876807,5
50876814,5
50876905,4
50876926,5
50876947,5
50876975,5
50877015,5
50877042,5
50877086,5
50877087,5
50877136,5
50877138,5
50877158,5
50877179,5
50877320,5
50877394,5
50877486,5
50877534,5
50877562,5
50877563,5
50877617,5
50877640,5
50877707,5
50877806,5
50877809,5
50877814,5
50877822,5
50877887,5
50877897,5
50877950,5
50877965,5
50877970,5
50878019,5
50878049,5
50878063,5
50878079,5
50878099,5
50878108,5
50878116,5
50878127,5
50878246,5
50878250,5
50878298,5
50878327,5
50878334,5
50878412,5
50878657,5
50878798,5
50878869,5
50878906,5
50879333,5
50879825,5
50879847,5
50879937,5
50879957,5
50879971,5
50879989,5
50879998,5
50880199,5
50880252,5
50880341,5
50880740,5
50880782,5
50880867,5
50880875,5
50880968,5
50880982,5
50881043,5
50881238,5
50881377,5
50881409,5
50881499,5
50881500,5
50881529,5
50881553,5
50881667,5
50881702,5
50888381,5
50888480,5
50888519,5
50888606,5
50888736,5
50888805,5
50888833,5
50888844,5
50888865,5
50888881,5
50888883,5
50888887,5
50888916,5
50888966,5
50889016,5
50889020,5
50889044,5
50889045,5
50889046,5
50889067,5
50889300,5
50889467,5
50889532,5
50889543,5
50889575,5
50889631,5
50889660,5
50889684,5
50889700,5
50889715,5
50889728,5
50889746,5
50889752,5
50889801,5
50889814,5
50889861,5
50889923,5
50889927,5
50889928,5
50889943,5
50889964,5
50890011,5
50890137,5
50890156,5
50890205,5
50890255,5
50890256,5
50890326,5
50890343,5
50890608,5
50890718,5
50890724,5
50890795,5
50890841,5
50890875,5
50891452,5
50892080,5
50892107,5
50894647,5
50894666,5
50894785,5
50894791,5
50894870,5
50894919,5
50894929,5
50894931,5
50895081,5
50895121,5
50895185,5
50895200,5
50895219,5
50895238,5
50895254,5
50895257,5
50895274,5
50895279,5
50895299,5
50895419,5
50895466,5
50895508,5
50895591,5
50896975,5
50897765,5
50897772,5
50897774,5
50897829,5
50897941,5
50897999,5
50898396,5
50898456,5
50898461,5
50898537,5
50898545,5
50898551,5
50898721,5
50898731,5
50898743,5
50898757,5
50898811,5
50898927,5
50898997,5
50899452,5
50899501,5
50899511,5
50899516,5
50899533,5
50899564,5
50900045,5
50900089,5
50900101,5
50902588,5
50903353,5
50903406,5
50903533,5
50903560,5
50903612,5
50904086,5
50904127,5
50904197,5
50904741,5
50904835,5
50904931,5
50904967,5
50905143,5
50905373,5
50905616,5
50905662,5
50905721,5
50905722,5
50905872,5
50905964,5
50906524,5
50906626,5
50908128,5
50908133,5
50908158,5
50908184,5
50908187,5
50908205,5
50908354,5
50908414,5
50908592,5
50908593,5
50909042,5
50909045,5
50909073,5
50909159,5
50909162,5
50909213,5
50909670,5
50910502,5
50912777,5
50912788,5
50913696,5
50913796,5
50913798,5
50915694,5
50917799,5
50918333,5
50918348,5
50918368,5
50918428,5
50918461,5
50918508,5
50918512,5
50918774,5
50918831,5
50918852,5
50918855,5
50918863,5
50918893,5
50918907,5
50918917,5
50918920,5
50918933,5
50918965,5
50919146,5
50920636,5
50923468,5
50923476,5
50923489,5
50923812,5
50923942,5
50923947,5
50924021,5
50924026,5
50924031,5
50924088,5
50924129,5
50924158,5
50924173,5
50924561,5
50924568,5
50924570,5
50924583,5
50924605,5
50924617,5
50924625,5
50924731,5
50924736,5
50924926,5
50924929,5
50924948,5
50924999,5
50925019,5
50925182,5
50925243,5
50925251,5
50925615,5
50925618,5
50925753,5
50925884,5
50926404,5
50926473,5
50926501,5
50926611,5
50926620,5
50928025,5
50928855,5
50928992,5
