"","features.fire_fly_id","FINALCONTENT_FIT.cluster"
"1",157602,3
"2",163342,3
"3",164038,3
"4",172341,4
"5",186718,3
"6",202085,3
"7",222970,4
"8",249430,3
"9",263422,3
"10",284009,4
"11",295112,2
"12",445409,3
"13",584489,4
"14",586691,4
"15",587257,2
"16",587720,2
"17",588023,3
"18",588103,4
"19",588570,2
"20",588817,4
"21",591589,4
"22",593549,3
"23",595732,3
"24",596728,1
"25",597631,4
"26",599515,1
"27",601268,4
"28",602764,3
"29",606912,2
"30",614148,3
"31",634625,4
"32",637614,4
"33",638866,4
"34",639500,3
"35",646505,4
"36",648409,4
"37",2361483,4
"38",2386543,3
"39",2388932,3
"40",2394169,3
"41",2394994,2
"42",2397084,4
"43",2400082,2
"44",2403751,3
"45",2420606,4
"46",2423488,2
"47",2435362,3
"48",2437974,3
"49",2444124,4
"50",2464248,3
"51",2470105,4
"52",2474781,3
"53",2479826,4
"54",2480960,3
"55",2483323,4
"56",2490732,4
"57",2494201,4
"58",2511770,3
"59",2513569,3
"60",2524238,4
"61",2528788,3
"62",2537533,4
"63",2538923,3
"64",2541061,3
"65",2547093,4
"66",2550216,2
"67",2550733,3
"68",2554287,3
"69",2561437,4
"70",2601448,3
"71",2603094,4
"72",2606287,4
"73",2606601,2
"74",2607294,3
"75",2611706,3
"76",2621764,3
"77",2629405,3
"78",2630258,4
"79",2638702,4
"80",2639125,3
"81",2642052,2
"82",2650872,4
"83",2653307,3
"84",2660604,4
"85",2672800,3
"86",2685312,3
"87",2685503,2
"88",2687404,2
"89",2688060,4
"90",2692656,4
"91",2693121,3
"92",2695914,4
"93",2696336,1
"94",2698184,4
"95",2700683,4
"96",2701734,3
"97",2702483,3
"98",2702865,3
"99",2704708,4
"100",2707029,4
"101",2710940,4
"102",2712607,4
"103",2725581,2
"104",2732435,4
"105",2733541,3
"106",2734627,4
"107",2735876,3
"108",2756368,3
"109",2758674,4
"110",2765622,3
"111",2770543,3
"112",2776045,4
"113",2778618,3
"114",2786821,4
"115",2792078,3
"116",2806513,3
"117",2811929,3
"118",2814943,3
"119",2821276,3
"120",2821675,2
"121",2834446,3
"122",2834990,3
"123",2853377,4
"124",2855340,4
"125",2865352,4
"126",2869006,3
"127",2873980,3
"128",2875288,4
"129",2875498,2
"130",2875814,2
"131",2877060,4
"132",2878031,3
"133",2878485,4
"134",2880996,4
"135",2885121,4
"136",2892953,4
"137",2902537,3
"138",2908577,3
"139",2916407,4
"140",2944976,4
"141",2953589,4
"142",2953991,3
"143",2958764,4
"144",2965416,4
"145",2966771,3
"146",2969646,4
"147",2970610,4
"148",2986148,4
"149",2986923,4
"150",2996511,4
"151",3008370,4
"152",3012151,4
"153",3012376,3
"154",3016748,3
"155",3018651,4
"156",3021451,3
"157",3028843,3
"158",3034002,2
"159",3035612,3
"160",3036403,3
"161",3064824,3
"162",3065097,3
"163",3067510,3
"164",3088933,3
"165",3090320,3
"166",3105488,3
"167",3112401,4
"168",3145943,4
"169",3149644,4
"170",3150918,4
"171",3151121,3
"172",3152213,1
"173",3152947,4
"174",3152986,3
"175",3153062,4
"176",3153429,4
"177",3153597,3
"178",3155230,1
"179",3155295,2
"180",3155398,3
"181",3155555,2
"182",3155560,3
"183",3155581,2
"184",3155623,3
"185",3155705,2
"186",3155718,2
"187",3155731,2
"188",3155777,3
"189",3155850,1
"190",3160086,3
"191",3160339,3
"192",3160445,1
"193",3160477,2
"194",3160512,4
"195",3160561,2
"196",3160706,3
"197",3160755,3
"198",3160763,2
"199",3160805,1
"200",3160816,2
"201",3160845,3
"202",3160892,3
"203",3161220,2
"204",3161349,2
"205",3161355,3
"206",3161375,2
"207",3161401,3
"208",3161412,3
"209",3161416,2
"210",3161595,3
"211",3161707,2
"212",3161713,1
"213",3161833,3
"214",3162002,2
"215",3162050,3
"216",3162129,2
"217",3162203,3
"218",3162213,3
"219",3162244,3
"220",3162261,2
"221",3162347,3
"222",3162357,3
"223",3162358,2
"224",3162376,3
"225",3162413,3
"226",3162416,3
"227",3162432,2
"228",3162486,3
"229",3162504,2
"230",3162551,3
"231",3162625,2
"232",3162686,3
"233",3162706,3
"234",3162731,1
"235",3162773,2
"236",3162807,4
"237",3162856,3
"238",3162894,2
"239",3162933,3
"240",3162981,2
"241",3163064,3
"242",3163085,2
"243",3163135,2
"244",3163136,1
"245",3163345,2
"246",3163496,3
"247",3163541,1
"248",3163622,4
"249",3163666,2
"250",3163789,2
"251",3163897,2
"252",3163930,3
"253",3163988,3
"254",3164032,3
"255",3164061,3
"256",3164165,3
"257",3164171,3
"258",3164303,2
"259",3164304,2
"260",3164343,3
"261",3164391,3
"262",3164410,3
"263",3164507,1
"264",3164628,2
"265",3164758,2
"266",3164787,2
"267",3164799,2
"268",3164904,2
"269",3165041,2
"270",3165086,2
"271",3165112,1
"272",3165291,3
"273",3165325,3
"274",3165336,3
"275",3165344,3
"276",3165397,2
"277",3165416,2
"278",3165421,2
"279",3165554,3
"280",3165618,2
"281",3165696,3
"282",3165721,1
"283",3165736,3
"284",3165752,3
"285",3165848,4
"286",3166029,1
"287",3166046,3
"288",3166212,3
"289",3166219,1
"290",3166222,3
"291",3166338,1
"292",3166462,3
"293",3166537,2
"294",3166569,1
"295",3166692,2
"296",3166912,3
"297",3166991,3
"298",3167030,3
"299",3167138,2
"300",3167180,1
"301",3167234,3
"302",3167244,1
"303",3167333,3
"304",3167335,3
"305",3167379,2
"306",3167557,1
"307",3167681,2
"308",3167753,2
"309",3167931,3
"310",3168004,4
"311",3168240,3
"312",3168247,1
"313",3168292,1
"314",3168340,3
"315",3168407,3
"316",3168471,2
"317",3168601,2
"318",3168661,3
"319",3168734,2
"320",3168765,2
"321",3168794,1
"322",3168950,3
"323",3168995,4
"324",3169136,2
"325",3169357,3
"326",3169361,3
"327",3169564,3
"328",3169567,3
"329",3169617,2
"330",3169718,2
"331",3169764,4
"332",3169993,1
"333",3170183,2
"334",3170225,3
"335",3170257,4
"336",3170370,3
"337",3170416,3
"338",3170471,2
"339",3170560,3
"340",3170565,2
"341",3170696,1
"342",3170726,2
"343",3170734,2
"344",3170745,3
"345",3170918,3
"346",3170950,3
"347",3170961,2
"348",3171122,3
"349",3171170,2
"350",3171205,2
"351",3171207,3
"352",3171418,2
"353",3171598,3
"354",3171659,4
"355",3171686,4
"356",3171721,2
"357",3171883,2
"358",3171910,3
"359",3171924,3
"360",3171935,4
"361",3171992,3
"362",3172036,3
"363",3172141,1
"364",3172208,3
"365",3172377,2
"366",3172699,2
"367",3172789,2
"368",3172812,2
"369",3172832,1
"370",3172864,2
"371",3172929,3
"372",3172951,1
"373",3173151,3
"374",3173307,3
"375",3173405,3
"376",3173543,2
"377",3173603,2
"378",3173811,1
"379",3173852,2
"380",3173880,4
"381",3173929,1
"382",3173980,3
"383",3174037,3
"384",3174457,3
"385",3174488,1
"386",3174635,4
"387",3174711,3
"388",3174755,3
"389",3174781,3
"390",3174844,3
"391",3174965,3
"392",3174992,4
"393",3175032,2
"394",3175036,1
"395",3175072,3
"396",3175110,3
"397",3175154,3
"398",3175214,3
"399",3175242,3
"400",3175528,2
"401",3175580,1
"402",3175583,1
"403",3175695,2
"404",3175705,3
"405",3175864,3
"406",3175937,2
"407",3176032,1
"408",3176115,1
"409",3176230,4
"410",3176250,1
"411",3176449,2
"412",3176457,1
"413",3176477,3
"414",3176673,3
"415",3176702,2
"416",3177052,2
"417",3177105,3
"418",3177167,3
"419",3177183,2
"420",3177196,3
"421",3177222,3
"422",3177326,3
"423",3177388,2
"424",3177411,3
"425",3177414,3
"426",3177531,2
"427",3177577,2
"428",3177693,3
"429",3177748,3
"430",3177750,2
"431",3177919,3
"432",3178155,1
"433",3178565,3
"434",3178584,3
"435",3178612,2
"436",3178666,2
"437",3178681,2
"438",3178684,3
"439",3178729,4
"440",3178863,2
"441",3178954,3
"442",3179015,2
"443",3179019,1
"444",3179040,3
"445",3179287,3
"446",3179598,2
"447",3179604,2
"448",3179658,1
"449",3179775,2
"450",3179918,2
"451",3179956,3
"452",3179991,1
"453",3180038,3
"454",3180060,4
"455",3180125,3
"456",3180136,1
"457",3180230,3
"458",3180315,2
"459",3180360,1
"460",3180475,3
"461",3180650,1
"462",3180654,2
"463",3180670,3
"464",3180682,3
"465",3180726,4
"466",3180973,3
"467",3180977,2
"468",3181193,3
"469",3181344,2
"470",3181360,3
"471",3181374,3
"472",3181432,3
"473",3181460,2
"474",3181476,1
"475",3181589,3
"476",3181751,4
"477",3181770,3
"478",3181858,3
"479",3181911,2
"480",3182111,2
"481",3182124,2
"482",3182155,3
"483",3182301,3
"484",3182378,4
"485",3182398,3
"486",3182415,2
"487",3182547,2
"488",3182566,3
"489",3182736,1
"490",3182907,2
"491",3182918,2
"492",3182991,3
"493",3183115,2
"494",3183250,2
"495",3187146,3
"496",3187242,3
"497",3187334,2
"498",3187371,2
"499",3187655,3
"500",3187732,2
"501",3187830,2
"502",3188109,1
"503",3188126,3
"504",3188213,2
"505",3188474,3
"506",3188520,2
"507",3188575,2
"508",3188955,3
"509",3189034,3
"510",3189153,3
"511",3189205,1
"512",3189217,3
"513",3189218,3
"514",3189490,1
"515",3189499,3
"516",3189630,3
"517",3189637,3
"518",3189723,2
"519",3189759,3
"520",3189806,3
"521",3189820,4
"522",3189931,2
"523",3189934,2
"524",3189935,2
"525",3189945,2
"526",3189954,4
"527",3190032,2
"528",3190070,2
"529",3190087,1
"530",3190178,3
"531",3190210,2
"532",3190394,3
"533",3190408,3
"534",3190508,3
"535",3190770,3
"536",3190925,3
"537",3190952,3
"538",3190993,2
"539",3191055,3
"540",3191398,2
"541",3191442,2
"542",3191702,3
"543",3191875,4
"544",3191879,3
"545",3191898,2
"546",3191967,3
"547",3192047,3
"548",3192067,1
"549",3192081,2
"550",3192161,3
"551",3192433,3
"552",3192447,3
"553",3192670,1
"554",3192726,2
"555",3192817,3
"556",3193039,3
"557",3193145,1
"558",3193328,2
"559",3193523,2
"560",3193560,2
"561",3193824,2
"562",3193852,4
"563",3193979,3
"564",3194130,3
"565",3194134,4
"566",3194310,3
"567",3194489,3
"568",3194761,2
"569",3194813,4
"570",3194822,3
"571",3194830,2
"572",3194972,1
"573",3195201,2
"574",3195358,2
"575",3195456,1
"576",3195901,2
"577",3196141,2
"578",3196432,3
"579",3196467,4
"580",3196509,2
"581",3196554,1
"582",3196644,3
"583",3196733,2
"584",3196738,1
"585",3197059,2
"586",3197121,2
"587",3197152,3
"588",3197224,2
"589",3197503,2
"590",3197599,2
"591",3198276,2
"592",3198502,1
"593",3198626,4
"594",3198693,2
"595",3198766,1
"596",3199121,2
"597",3199129,3
"598",3199151,2
"599",3199188,2
"600",3199338,2
"601",3199528,1
"602",3200026,2
"603",3200234,3
"604",3200380,4
"605",3200729,2
"606",3200831,2
"607",3201085,3
"608",3201356,3
"609",3201743,3
"610",3202104,2
"611",3202145,3
"612",3202426,2
"613",3202428,3
"614",3202496,4
"615",3202645,4
"616",3202882,1
"617",3203044,2
"618",3203059,1
"619",3203207,3
"620",3203234,1
"621",3203456,3
"622",3203510,3
"623",3203519,1
"624",3203621,2
"625",3203864,2
"626",3203932,2
"627",3204100,3
"628",3204250,3
"629",3204644,3
"630",3205013,2
"631",3205133,1
"632",3205340,3
"633",3205416,2
"634",3205477,2
"635",3205545,3
"636",3205879,1
"637",3206105,2
"638",3206182,3
"639",3206249,2
"640",3206383,3
"641",3206591,3
"642",3206635,2
"643",3206695,2
"644",3207083,2
"645",3207130,2
"646",3207254,2
"647",3207528,2
"648",3215375,4
"649",3215454,3
"650",3215701,3
"651",3216050,1
"652",3216207,3
"653",3216253,2
"654",3216257,4
"655",3216260,2
"656",3216653,2
"657",3217024,2
"658",3217148,3
"659",3217297,2
"660",3217409,4
"661",3217419,3
"662",3217864,4
"663",3217899,2
"664",3218041,2
"665",3218284,3
"666",3218342,1
"667",3218442,3
"668",3219221,3
"669",3219280,3
"670",3219374,2
"671",3219423,3
"672",3223311,4
"673",3223707,3
"674",3223772,4
"675",3224275,1
"676",3224843,2
"677",3225494,2
"678",3225676,1
"679",3228137,2
"680",3230030,2
"681",3230199,2
"682",3235216,2
"683",3238043,3
"684",3238187,3
"685",3241277,3
"686",3241561,3
"687",3241602,3
"688",3241619,2
"689",3241755,3
"690",3242073,3
"691",3242111,3
"692",3242340,2
"693",3242481,3
"694",3242513,3
"695",3242598,3
"696",3242755,2
"697",3243351,1
"698",3243673,4
"699",3243713,3
"700",3243922,1
"701",3243934,1
"702",3244354,3
"703",3244508,1
"704",3244649,3
"705",3244714,4
"706",3244854,2
"707",3245114,1
"708",3245392,3
"709",3245673,1
"710",3245807,3
"711",3245945,2
"712",3245977,3
"713",3246243,2
"714",3246513,2
"715",3246528,2
"716",3246574,4
"717",3247077,1
"718",3247086,3
"719",3247282,3
"720",3247381,4
"721",3247482,2
"722",3247674,1
"723",3248189,3
"724",3248257,1
"725",3248262,1
"726",3248483,2
"727",3248577,2
"728",3248715,3
"729",3249196,2
"730",3249317,2
"731",3249411,2
"732",3249448,3
"733",3249819,1
"734",3249902,3
"735",3250039,4
"736",3250212,2
"737",3250414,3
"738",3250463,1
"739",3250952,2
"740",3251166,2
"741",3251409,3
"742",3251633,2
"743",3251871,3
"744",3251977,2
"745",3251993,1
"746",3252110,4
"747",3252811,2
"748",3253197,2
"749",3253657,3
"750",3253658,3
"751",3253672,3
"752",3253691,1
"753",3253768,2
"754",3254236,3
"755",3254570,3
"756",3254615,3
"757",3254721,3
"758",3254741,3
"759",3254767,1
"760",3255070,2
"761",3255081,2
"762",3255424,1
"763",3255444,2
"764",3255558,3
"765",3255612,2
"766",3255779,3
"767",3255928,2
"768",3255973,2
"769",3256074,1
"770",3256680,2
"771",3257101,4
"772",3257571,1
"773",3257621,3
"774",3257711,3
"775",3259140,2
"776",3259492,4
"777",3259699,3
"778",3260234,2
"779",3260764,2
"780",3261325,2
"781",3261338,2
"782",3261687,2
"783",3261940,2
"784",3262141,1
"785",3262190,2
"786",3262664,4
"787",3262736,3
"788",3262746,2
"789",3263127,1
"790",3263188,2
"791",3263640,2
"792",3263917,1
"793",3264584,3
"794",3264768,3
"795",3264850,2
"796",3264902,2
"797",3265506,4
"798",3265538,4
"799",3265692,1
"800",3266027,1
"801",3266224,2
"802",3266310,3
"803",3266402,2
"804",3266739,4
"805",3267100,2
"806",3267235,1
"807",3268083,1
"808",3268569,3
"809",3268664,2
"810",3268753,1
"811",3269672,2
"812",3270846,2
"813",3270986,3
"814",3271458,3
"815",3271557,3
"816",3271601,2
"817",3271616,4
"818",3273195,3
"819",3273230,3
"820",3273479,2
"821",3273998,2
"822",3274465,3
"823",3275482,3
"824",3275783,4
"825",3276079,2
"826",3276092,4
"827",3276393,2
"828",3276410,1
"829",3276988,2
"830",3277137,3
"831",3277290,1
"832",3277979,3
"833",3278053,3
"834",3278062,2
"835",3278234,3
"836",3278244,3
"837",3278456,4
"838",3278765,3
"839",3278844,3
"840",3278877,2
"841",3278887,4
"842",3278911,2
"843",3278917,2
"844",3279084,2
"845",3279807,2
"846",3280066,3
"847",3280218,2
"848",3280291,4
"849",3280320,1
"850",3280471,3
"851",3280747,3
"852",3280886,3
"853",3281016,3
"854",3281543,3
"855",3282433,3
"856",3283415,2
"857",3284005,3
"858",3284110,4
"859",3284144,4
"860",3284181,4
"861",3284259,3
"862",3284311,2
"863",3285285,3
"864",3285439,2
"865",3285668,3
"866",3286712,3
"867",3287210,2
"868",3289338,4
"869",3289854,2
"870",3290218,3
"871",3290313,3
"872",3291370,3
"873",3291604,3
"874",3292546,3
"875",3293244,2
"876",3293663,2
"877",3294687,3
"878",3295263,2
"879",3295659,3
"880",3295732,1
"881",3296463,2
"882",3296545,1
"883",3297475,2
"884",3297691,3
"885",3298013,2
"886",3298402,3
"887",3298551,2
"888",3298759,3
"889",3298848,2
"890",3298992,3
"891",3299377,2
"892",3299628,1
"893",3299742,3
"894",3300770,2
"895",3301012,2
"896",3301105,3
"897",3302019,3
"898",3302022,1
"899",3302367,2
"900",3302749,3
"901",3302763,3
"902",3303320,3
"903",3304826,3
"904",3304924,2
"905",3306439,2
"906",3306726,3
"907",3308313,4
"908",3309625,3
"909",3309773,3
"910",3309910,3
"911",3311292,1
"912",3311797,2
"913",3312179,3
"914",3312404,3
"915",3312903,3
"916",3313072,1
"917",3313421,3
"918",3313772,2
"919",3313790,3
"920",3313970,4
"921",3314035,3
"922",3315392,3
"923",3315561,3
"924",3316603,3
"925",3316736,2
"926",3316805,4
"927",3317224,3
"928",3318538,3
"929",3323166,3
"930",3323446,3
"931",3323459,3
"932",3325014,2
"933",3325556,2
"934",3328127,1
"935",3328146,3
"936",3328219,3
"937",3328803,3
"938",3329218,2
"939",3329264,2
"940",3329887,3
"941",3331128,1
"942",3331198,3
"943",3331300,3
"944",3331479,2
"945",3333317,3
"946",3333366,3
"947",3333904,3
"948",3334204,2
"949",3334556,2
"950",3335158,3
"951",3335346,4
"952",3335467,2
"953",3335972,2
"954",3336140,3
"955",3337118,4
"956",3337217,2
"957",3338244,3
"958",3338596,2
"959",3339147,2
"960",3339208,2
"961",3340213,2
"962",3340247,2
"963",3340274,3
"964",3341058,1
"965",3341236,3
"966",3341372,2
"967",3341411,3
"968",3343195,4
"969",3343228,3
"970",3343397,3
"971",3343709,4
"972",3348251,3
"973",3349092,2
"974",3349583,3
"975",3350980,3
"976",3351147,3
"977",3351390,3
"978",3353724,2
"979",3353996,2
"980",3354792,3
"981",3354985,2
"982",3355019,3
"983",3356039,2
"984",3356331,3
"985",3356746,2
"986",3356769,3
"987",3356790,3
"988",3357089,2
"989",3357334,2
"990",3357343,3
"991",3357388,1
"992",3357527,2
"993",3358400,3
"994",3359325,2
"995",3368008,3
"996",3379130,4
"997",3380530,2
"998",3380615,2
"999",3380665,3
"1000",3381575,3
"1001",3381831,2
"1002",3382374,4
"1003",3384526,3
"1004",3384827,2
"1005",3384838,1
"1006",3386420,3
"1007",3387268,2
"1008",3389118,3
"1009",3389266,3
"1010",3390092,3
"1011",3390400,2
"1012",3390540,3
"1013",3390904,1
"1014",3391624,2
"1015",3392036,2
"1016",3393829,3
"1017",3396482,3
"1018",3397924,3
"1019",3398456,3
"1020",3399833,2
"1021",3399916,3
"1022",3400000,1
"1023",3400156,1
"1024",3400508,3
"1025",3402038,2
"1026",3402232,3
"1027",3402359,2
"1028",3402662,3
"1029",3402742,3
"1030",3403531,2
"1031",3403561,3
"1032",3403653,2
"1033",3403734,3
"1034",3404051,2
"1035",3404266,4
"1036",3404476,2
"1037",3404948,3
"1038",3407302,3
"1039",3407873,3
"1040",3412184,2
"1041",3412257,2
"1042",3413105,2
"1043",3414461,2
"1044",3415096,3
"1045",3415322,4
"1046",3418823,3
"1047",3418829,3
"1048",3419553,3
"1049",3422204,3
"1050",3422680,2
"1051",3422745,3
"1052",3422858,3
"1053",3422893,3
"1054",3422941,1
"1055",3423040,2
"1056",3423580,4
"1057",3423705,4
"1058",3424193,3
"1059",3424677,2
"1060",3426153,4
"1061",3427010,4
"1062",3427063,2
"1063",3427116,3
"1064",3427187,2
"1065",3428208,3
"1066",3428267,3
"1067",3428324,3
"1068",3428743,3
"1069",3428928,2
"1070",3431086,3
"1071",3431201,3
"1072",3431447,2
"1073",3431639,3
"1074",3432285,1
"1075",3433484,4
"1076",3433877,3
"1077",3434557,3
"1078",3434812,4
"1079",3434913,2
"1080",3435106,3
"1081",3435741,3
"1082",3435999,3
"1083",3440137,3
"1084",3441167,4
"1085",3443602,3
"1086",3444026,3
"1087",3445604,4
"1088",3447039,2
"1089",3449193,3
"1090",3449711,4
"1091",3449730,4
"1092",3449846,1
"1093",3449882,2
"1094",3450247,3
"1095",3451242,3
"1096",3451256,3
"1097",3451267,3
"1098",3451475,2
"1099",3452884,3
"1100",3455164,2
"1101",3456387,3
"1102",3457252,3
"1103",3460100,2
"1104",3460753,3
"1105",3460921,4
"1106",3462174,2
"1107",3462473,3
"1108",3463540,1
"1109",3463701,3
"1110",3463916,4
"1111",3464225,3
"1112",3465255,2
"1113",3465490,3
"1114",3466353,2
"1115",3467300,4
"1116",3467749,3
"1117",3468510,3
"1118",3471079,1
"1119",3472153,2
"1120",3472407,3
"1121",3472453,4
"1122",3472990,3
"1123",3475865,3
"1124",3475920,2
"1125",3478588,4
"1126",3478681,2
"1127",3478712,3
"1128",3481783,3
"1129",3485306,4
"1130",3485534,2
"1131",3486151,3
"1132",3486399,2
"1133",3487975,3
"1134",3489575,2
"1135",3490387,2
"1136",3492606,2
"1137",3492666,2
"1138",3493433,1
"1139",3493459,4
"1140",3493525,4
"1141",3496477,2
"1142",3497085,2
"1143",3497404,2
"1144",3497470,1
"1145",3498540,2
"1146",3498688,3
"1147",3500871,4
"1148",3500983,3
"1149",3501160,3
"1150",3502624,3
"1151",3503581,3
"1152",3503805,2
"1153",3503914,3
"1154",3504297,3
"1155",3513165,4
"1156",3513417,2
"1157",3513549,4
"1158",3516661,3
"1159",3517001,2
"1160",3517363,1
"1161",3517408,2
"1162",3518138,2
"1163",3519595,3
"1164",3520460,3
"1165",3521182,3
"1166",3522056,3
"1167",3522630,3
"1168",3522741,2
"1169",3523490,2
"1170",3526403,1
"1171",3527388,3
"1172",3527869,3
"1173",3528223,1
"1174",3528398,3
"1175",3529108,2
"1176",3529229,2
"1177",3530963,2
"1178",3531668,3
"1179",3532288,2
"1180",3533479,3
"1181",3534457,3
"1182",3534656,3
"1183",3534980,2
"1184",3535181,2
"1185",3536714,4
"1186",3537289,3
"1187",3537836,1
"1188",3538124,2
"1189",3538175,3
"1190",3538257,3
"1191",3538360,2
"1192",3538849,3
"1193",3539550,3
"1194",3539693,2
"1195",3540280,2
"1196",3540514,1
"1197",3685203,3
"1198",3689090,4
"1199",3690160,1
"1200",3703726,2
"1201",3705099,2
"1202",3708091,2
"1203",3708380,3
"1204",3708639,2
"1205",3709591,3
"1206",3710083,1
"1207",3711794,3
"1208",3711835,3
"1209",3712743,3
"1210",3713201,3
"1211",3714023,4
"1212",3717790,2
"1213",3719297,2
"1214",3719326,3
"1215",3719789,3
"1216",3722498,2
"1217",3722746,4
"1218",3724187,2
"1219",3724397,3
"1220",3725430,3
"1221",3727775,2
"1222",3727778,4
"1223",3729440,2
"1224",3730038,3
"1225",3730828,3
"1226",3731424,4
"1227",3731550,2
"1228",3731931,4
"1229",3733286,4
"1230",3735949,4
"1231",3737807,4
"1232",3739172,3
"1233",3739289,1
"1234",3743271,3
"1235",3744217,2
"1236",3744591,2
"1237",3745328,2
"1238",3745396,2
"1239",3747760,2
"1240",3747790,1
"1241",3747990,3
"1242",3750182,1
"1243",3750509,2
"1244",3751259,4
"1245",3752819,3
"1246",3757631,3
"1247",3930409,3
"1248",3930897,2
"1249",3930973,2
"1250",3932609,4
"1251",3933360,3
"1252",3936271,3
"1253",3936514,3
"1254",3938046,3
"1255",3938355,4
"1256",3942850,2
"1257",3952406,3
"1258",3953769,3
"1259",3953833,3
"1260",3954457,3
"1261",3954646,3
"1262",3956940,3
"1263",3957239,2
"1264",3957722,3
"1265",3965741,1
"1266",3968014,3
"1267",3969608,3
"1268",3969652,3
"1269",3972113,3
"1270",3972881,1
"1271",3972998,1
"1272",3973220,3
"1273",3973399,3
"1274",3973751,4
"1275",3974894,3
"1276",3975774,2
"1277",3976312,4
"1278",3977166,2
"1279",3977275,2
"1280",3977377,3
"1281",3978050,3
"1282",3978716,3
"1283",3978959,3
"1284",3979678,3
"1285",3979705,3
"1286",3980577,3
"1287",3981024,2
"1288",3981047,3
"1289",3981494,4
"1290",3981542,2
"1291",3982258,3
"1292",3982520,2
"1293",3982536,2
"1294",3982751,2
"1295",3983284,3
"1296",3983649,3
"1297",3983711,2
"1298",3983784,3
"1299",3984028,3
"1300",3984170,3
"1301",3984309,3
"1302",3984477,3
"1303",3984528,2
"1304",3984613,3
"1305",3984727,3
"1306",3984731,2
"1307",3984987,2
"1308",3985000,3
"1309",3985092,4
"1310",3985122,3
"1311",3985143,2
"1312",3986644,2
"1313",3986658,2
"1314",3986767,1
"1315",3987039,3
"1316",3987395,2
"1317",3987463,3
"1318",3988127,3
"1319",3988187,2
"1320",3988362,3
"1321",3988408,3
"1322",3988697,3
"1323",3989169,3
"1324",3989576,2
"1325",3990715,4
"1326",3990918,3
"1327",3991445,3
"1328",3992627,2
"1329",3992999,3
"1330",3993692,3
"1331",3993697,2
"1332",3995848,3
"1333",3996952,1
"1334",3997689,3
"1335",3998417,3
"1336",3998895,3
"1337",3999083,3
"1338",3999250,4
"1339",3999816,2
"1340",3999847,3
"1341",3999849,2
"1342",3999879,3
"1343",4000412,2
"1344",4001460,4
"1345",4002094,3
"1346",4002900,3
"1347",4003190,4
"1348",4004278,3
"1349",4005596,4
"1350",4005760,3
"1351",4005814,1
"1352",4006142,3
"1353",4006833,2
"1354",4007499,3
"1355",4008262,3
"1356",4011139,4
"1357",4011452,3
"1358",4012315,3
"1359",4012931,4
"1360",4014644,2
"1361",4015373,3
"1362",4019735,3
"1363",4019919,2
"1364",4020168,3
"1365",4020702,4
"1366",4020844,4
"1367",4023744,3
"1368",4024465,2
"1369",4026371,3
"1370",4026589,4
"1371",4026947,1
"1372",4027138,3
"1373",4027172,2
"1374",4027244,1
"1375",4027374,3
"1376",4028872,1
"1377",4030233,2
"1378",4032018,4
"1379",4032309,3
"1380",4032433,4
"1381",4033124,2
"1382",4033410,1
"1383",4033530,1
"1384",4033775,2
"1385",4033863,2
"1386",4034166,3
"1387",4034243,4
"1388",4035144,2
"1389",4035295,3
"1390",4035658,2
"1391",4036088,3
"1392",4039402,3
"1393",4039516,1
"1394",4039929,2
"1395",4039962,2
"1396",4040379,3
"1397",4040609,1
"1398",4041488,1
"1399",4042703,2
"1400",4044226,3
"1401",4044643,2
"1402",4045089,2
"1403",4045278,2
"1404",4045633,3
"1405",4045849,3
"1406",4046029,3
"1407",4048098,4
"1408",4048843,4
"1409",4049116,2
"1410",4049287,2
"1411",4049450,4
"1412",4050145,3
"1413",4050865,3
"1414",4053762,2
"1415",4054178,2
"1416",4055690,3
"1417",4055778,3
"1418",4057217,3
"1419",4058608,3
"1420",4061777,1
"1421",4062140,3
"1422",4062843,3
"1423",4065750,3
"1424",4066940,1
"1425",4068359,4
"1426",4068475,3
"1427",4069295,2
"1428",4069791,3
"1429",4070552,3
"1430",4071677,3
"1431",4072309,3
"1432",4072504,1
"1433",4075245,3
"1434",4075684,3
"1435",4076109,2
"1436",4076434,3
"1437",4076465,3
"1438",4078492,4
"1439",4079597,4
"1440",4079795,4
"1441",4079939,2
"1442",4081298,4
"1443",4081955,3
"1444",4083170,3
"1445",4084722,1
"1446",4085600,3
"1447",4085864,2
"1448",4087841,2
"1449",4088946,4
"1450",4090865,3
"1451",4092213,2
"1452",4094631,3
"1453",4094769,2
"1454",4096213,3
"1455",4101588,3
"1456",4101824,2
"1457",4102719,1
"1458",4103646,3
"1459",4104302,3
"1460",4106467,3
"1461",4461632,3
"1462",4461867,3
"1463",4462224,3
"1464",4462385,2
"1465",4463489,4
"1466",4463659,2
"1467",4464098,3
"1468",4471518,4
"1469",4474983,2
"1470",4476015,3
"1471",4476297,3
"1472",4477593,3
"1473",4481305,4
"1474",4481430,3
"1475",4484214,4
"1476",4485519,2
"1477",4486656,2
"1478",4486849,2
"1479",4488308,3
"1480",4488840,1
"1481",4489968,2
"1482",4490602,3
"1483",4639350,2
"1484",4640054,2
"1485",4640122,3
"1486",4640852,3
"1487",4641627,3
"1488",4643243,3
"1489",4644188,3
"1490",4645941,1
"1491",4646171,3
"1492",4646813,4
"1493",4649237,3
"1494",4649807,3
"1495",4652019,3
"1496",4652175,3
"1497",4652900,2
"1498",4653869,3
"1499",4657003,3
"1500",4657227,2
"1501",4661291,4
"1502",4662875,3
"1503",4671233,2
"1504",4671623,3
"1505",4673263,3
"1506",4673694,4
"1507",4673950,3
"1508",4674756,3
"1509",4675644,3
"1510",4675853,3
"1511",4676548,3
"1512",4685578,3
"1513",4685896,1
"1514",4687201,3
"1515",4687369,4
"1516",4689068,3
"1517",4689228,4
"1518",4689237,2
"1519",4689929,3
"1520",4691147,3
"1521",4692581,4
"1522",4694813,3
"1523",4695198,4
"1524",4695693,4
"1525",4697908,1
"1526",4697961,2
"1527",4698397,2
"1528",4698689,4
"1529",4698700,3
"1530",4699809,3
"1531",4699830,2
"1532",4700306,3
"1533",4700399,3
"1534",4700648,3
"1535",4700937,3
"1536",4701058,3
"1537",4701660,3
"1538",4701674,3
"1539",4702055,3
"1540",4702242,3
"1541",4703066,3
"1542",4704217,1
"1543",4705425,2
"1544",4705543,2
"1545",4706780,1
"1546",4707475,3
"1547",4707627,2
"1548",4710060,3
"1549",4710635,4
"1550",4711362,3
"1551",4711581,1
"1552",4712437,3
"1553",4712665,2
"1554",4712715,2
"1555",4713008,3
"1556",4713176,3
"1557",4713668,3
"1558",4713966,2
"1559",4714274,3
"1560",4714565,3
"1561",4716915,3
"1562",4717017,3
"1563",4717513,2
"1564",4718915,1
"1565",4719208,3
"1566",4720076,4
"1567",4721263,3
"1568",4721659,2
"1569",4722473,1
"1570",4725864,3
"1571",4726087,4
"1572",4726477,3
"1573",4726708,2
"1574",4730620,3
"1575",4730683,2
"1576",4731886,2
"1577",4732090,3
"1578",4732132,2
"1579",4732473,2
"1580",4733822,4
"1581",4734249,2
"1582",4735331,1
"1583",4737531,3
"1584",4739221,3
"1585",4739910,3
"1586",4741864,3
"1587",4744890,1
"1588",4745205,4
"1589",4745370,4
"1590",4747370,3
"1591",4747635,2
"1592",4749014,2
"1593",4751012,2
"1594",4752132,3
"1595",4752389,1
"1596",4756004,3
"1597",4761643,4
"1598",4762586,3
"1599",4763249,2
"1600",4763555,2
"1601",4763638,3
"1602",4765406,2
"1603",4771210,3
"1604",4775206,2
"1605",4776582,4
"1606",4777287,3
"1607",4777735,2
"1608",4779033,2
"1609",4779483,4
"1610",4787105,3
"1611",4787575,2
"1612",4791407,2
"1613",4792168,2
"1614",4792184,3
"1615",4792449,3
"1616",4793921,3
"1617",4794350,2
"1618",4796221,3
"1619",4796314,3
"1620",4796455,3
"1621",4796754,3
"1622",4800792,1
"1623",4801807,4
"1624",4802783,3
"1625",4803364,2
"1626",4804054,2
"1627",4804515,2
"1628",4810154,2
"1629",4810331,2
"1630",4811798,3
"1631",4813089,3
"1632",4814973,2
"1633",4815638,3
"1634",4815650,3
"1635",4815758,3
"1636",4815785,2
"1637",4815920,2
"1638",4816090,3
"1639",4816091,3
"1640",4816264,1
"1641",4816631,3
"1642",4816850,3
"1643",4817003,3
"1644",4817172,3
"1645",4818231,3
"1646",4818996,2
"1647",4820018,3
"1648",4820265,3
"1649",4820297,4
"1650",4965165,2
"1651",4966469,3
"1652",4967836,2
"1653",4968091,3
"1654",4970375,2
"1655",4971487,3
"1656",4971623,1
"1657",4971667,3
"1658",4971897,3
"1659",4972071,3
"1660",4974765,3
"1661",4975625,3
"1662",4979324,1
"1663",4979965,2
"1664",4981367,3
"1665",4982151,2
"1666",4983819,3
"1667",4984558,4
"1668",4987032,2
"1669",4989654,2
"1670",4990025,3
"1671",4992991,3
"1672",4993266,2
"1673",4994240,3
"1674",4994244,3
"1675",4994436,2
"1676",4994960,2
"1677",4995756,2
"1678",4995992,3
"1679",4997110,3
"1680",4998105,3
"1681",4998606,3
"1682",4999066,1
"1683",4999588,1
"1684",5003135,1
"1685",5003713,4
"1686",5003961,2
"1687",5004792,2
"1688",5004805,1
"1689",5006567,3
"1690",5006703,2
"1691",5006776,3
"1692",5007328,3
"1693",5008246,3
"1694",5008352,3
"1695",5010242,3
"1696",5010294,2
"1697",5010567,3
"1698",5012059,3
"1699",5015033,3
"1700",5015263,3
"1701",5015530,4
"1702",5016633,4
"1703",5016904,4
"1704",5016924,3
"1705",5018264,3
"1706",5018337,2
"1707",5018755,3
"1708",5018778,3
"1709",5018783,3
"1710",5018883,3
"1711",5019744,3
"1712",5020703,3
"1713",5021104,4
"1714",5022379,3
"1715",5022617,3
"1716",5023856,2
"1717",5024941,3
"1718",5121442,4
"1719",5126877,1
"1720",5128490,1
"1721",5129696,4
"1722",5134013,3
"1723",5141736,2
"1724",5141774,1
"1725",5141988,2
"1726",5142689,3
"1727",5144030,2
"1728",5144273,4
"1729",5145098,2
"1730",5146580,1
"1731",5150920,3
"1732",5151774,1
"1733",5155454,2
"1734",5157483,3
"1735",5158139,3
"1736",5161035,4
"1737",5163750,4
"1738",5164004,3
"1739",5166315,3
"1740",5166549,3
"1741",5171111,3
"1742",5171121,3
"1743",5173565,3
"1744",5174103,2
"1745",5174234,3
"1746",5174236,2
"1747",5175737,4
"1748",5176712,1
"1749",5176899,2
"1750",5179154,4
"1751",5181639,2
"1752",5182441,3
"1753",5183744,3
"1754",5184711,3
"1755",5185697,2
"1756",5185980,3
"1757",5186735,4
"1758",5189172,2
"1759",5191610,2
"1760",5191661,4
"1761",5192278,3
"1762",5193080,3
"1763",5193760,3
"1764",5194358,2
"1765",5194483,2
"1766",5194555,2
"1767",5194925,3
"1768",5195045,3
"1769",5195255,2
"1770",5195376,3
"1771",5195459,3
"1772",5195814,1
"1773",5195820,3
"1774",5195910,1
"1775",5196898,2
"1776",5198163,2
"1777",5199319,3
"1778",5200030,2
"1779",5202450,3
"1780",5208071,3
"1781",5208122,4
"1782",5212131,2
"1783",5222221,3
"1784",5224196,2
"1785",5224298,1
"1786",5224424,1
"1787",5224650,3
"1788",5224879,2
"1789",5226020,2
"1790",5228034,3
"1791",5228824,3
"1792",5229337,3
"1793",5230495,3
"1794",5233968,2
"1795",5233985,3
"1796",5234167,3
"1797",5234859,2
"1798",5235154,3
"1799",5237241,2
"1800",5238893,3
"1801",5242598,3
"1802",5252605,2
"1803",5252759,2
"1804",5253726,2
"1805",5255919,3
"1806",5256666,3
"1807",5258291,2
"1808",5260404,2
"1809",5261177,1
"1810",5261495,1
"1811",5261975,3
"1812",5262314,3
"1813",5262343,3
"1814",5262827,2
"1815",5263172,4
"1816",5263642,3
"1817",5265724,2
"1818",5266692,2
"1819",5267003,2
"1820",5269637,3
"1821",5270476,4
"1822",5276722,3
"1823",5278139,1
"1824",5278209,3
"1825",5278907,3
"1826",5279918,2
"1827",5286755,3
"1828",5289438,3
"1829",5291920,3
"1830",5293802,2
"1831",5293842,2
"1832",5301696,3
"1833",5302567,3
"1834",5303434,3
"1835",5305948,4
"1836",5306572,2
"1837",5307289,2
"1838",5308062,1
"1839",5308371,3
"1840",5308490,3
"1841",5309274,3
"1842",5309584,3
"1843",5310311,2
"1844",5311055,4
"1845",5312757,3
"1846",5315341,2
"1847",5318163,3
"1848",5326079,3
"1849",5326227,4
"1850",5326689,3
"1851",5329267,4
"1852",5329290,4
"1853",5330549,4
"1854",5331119,2
"1855",5332111,2
"1856",5332218,2
"1857",5333089,1
"1858",5335196,4
"1859",5336272,3
"1860",5338160,4
"1861",5341263,3
"1862",5342958,4
"1863",5343258,3
"1864",5343483,3
"1865",5343959,3
"1866",5350633,1
"1867",5351930,1
"1868",5353260,1
"1869",5353514,1
"1870",5379935,2
"1871",5380627,1
"1872",5384448,1
"1873",5384556,4
"1874",5385702,3
"1875",5391589,3
"1876",5391741,4
"1877",5392181,4
"1878",5393951,3
"1879",5396377,3
"1880",5396611,3
"1881",5396889,2
"1882",5397192,2
"1883",5398684,3
"1884",5407845,3
"1885",5414095,4
"1886",5414336,3
"1887",5419814,3
"1888",5421111,3
"1889",5423629,2
"1890",5426080,2
"1891",5426236,3
"1892",5426756,3
"1893",5426912,3
"1894",5429518,3
"1895",5432461,3
"1896",5434034,3
"1897",5435643,3
"1898",5436212,2
"1899",5439980,3
"1900",5441039,3
"1901",5441073,2
"1902",5443658,3
"1903",5445416,3
"1904",5447384,2
"1905",5448203,3
"1906",5448501,2
"1907",5449455,1
"1908",5449616,3
"1909",5449909,3
"1910",5453403,3
"1911",5456678,1
"1912",5457055,2
"1913",5457159,2
"1914",5458657,1
"1915",5465898,2
"1916",5467323,3
"1917",5468144,3
"1918",5477040,1
"1919",5479134,3
"1920",5480634,3
"1921",5482908,4
"1922",5483184,1
"1923",5483257,2
"1924",5484563,3
"1925",5488907,3
"1926",5494444,3
"1927",5498446,3
"1928",5502671,1
"1929",5503474,3
"1930",5504198,3
"1931",5510402,3
"1932",5510619,3
"1933",5515885,4
"1934",5526501,3
"1935",5526821,1
"1936",5528713,4
"1937",5531105,3
"1938",5532054,4
"1939",5534483,4
"1940",5535090,3
"1941",5535534,2
"1942",5538655,4
"1943",5540683,3
"1944",5541212,3
"1945",5541986,2
"1946",5545082,2
"1947",5548791,2
"1948",5550304,3
"1949",5551228,4
"1950",5555984,2
"1951",5557642,2
"1952",5558428,2
"1953",5558956,3
"1954",5559098,1
"1955",5559151,2
"1956",5559197,2
"1957",5575539,3
"1958",5577872,1
"1959",5579252,3
"1960",5579515,1
"1961",5581444,3
"1962",5583026,2
"1963",5585111,2
"1964",5585966,3
"1965",5600361,3
"1966",5604663,3
"1967",5605559,2
"1968",5605878,1
"1969",5606990,4
"1970",5613410,3
"1971",5615698,3
"1972",5616565,2
"1973",5619634,2
"1974",5623914,3
"1975",5628229,3
"1976",5628945,3
"1977",5630150,2
"1978",5630380,2
"1979",5635682,4
"1980",5635925,2
"1981",5638503,1
"1982",5640070,3
"1983",5643085,3
"1984",5643960,3
"1985",5651483,4
"1986",5654824,3
"1987",5655281,1
"1988",5658069,4
"1989",5659266,3
"1990",5668340,2
"1991",5668993,2
"1992",5672531,4
"1993",5672912,3
"1994",5672921,3
"1995",5674313,2
"1996",5679958,2
"1997",5681793,1
"1998",5686286,1
"1999",5687210,1
"2000",5688247,3
"2001",5693000,3
"2002",5693461,1
"2003",5693902,2
"2004",5694343,2
"2005",5697171,2
"2006",5697393,4
"2007",5706989,3
"2008",5708223,3
"2009",5710715,4
"2010",5716397,3
"2011",5716992,3
"2012",5727116,4
"2013",5740122,2
"2014",5740936,3
"2015",5744389,3
"2016",5745038,4
"2017",5747999,3
"2018",5753383,2
"2019",5755078,4
"2020",5757079,2
"2021",5757183,3
"2022",5759276,2
"2023",5760415,3
"2024",5761064,3
"2025",5764779,4
"2026",5766055,3
"2027",5766430,3
"2028",5766447,3
"2029",5766794,3
"2030",5773897,2
"2031",5775958,3
"2032",5778041,3
"2033",5780980,2
"2034",5781596,4
"2035",5783625,1
"2036",5784189,2
"2037",5784672,4
"2038",5785586,2
"2039",5786855,3
"2040",5787218,3
"2041",5788440,3
"2042",5788456,4
"2043",5789664,3
"2044",5790018,1
"2045",5791568,2
"2046",5791799,3
"2047",5801535,4
"2048",5801628,2
"2049",5803028,4
"2050",5803530,3
"2051",5804781,3
"2052",5806130,3
"2053",5806420,3
"2054",5808598,2
"2055",5809323,3
"2056",5810189,3
"2057",5814414,3
"2058",5822961,3
"2059",5827207,3
"2060",5827303,3
"2061",5833655,3
"2062",5837337,4
"2063",5844439,3
"2064",5845440,2
"2065",5845664,2
"2066",5845954,3
"2067",5847842,4
"2068",5848110,3
"2069",5848594,3
"2070",5849902,2
"2071",5854334,4
"2072",5855641,3
"2073",5857331,3
"2074",5858564,3
"2075",5858653,4
"2076",5862500,4
"2077",5862762,4
"2078",5862878,3
"2079",5866229,3
"2080",5866689,4
"2081",5866895,4
"2082",5871265,2
"2083",5871502,1
"2084",5874981,2
"2085",5876018,3
"2086",5876156,2
"2087",5877807,3
"2088",5879174,3
"2089",5885035,3
"2090",5887031,3
"2091",5887042,4
"2092",5889418,4
"2093",5893000,4
"2094",5893245,2
"2095",5899302,3
"2096",5900741,4
"2097",5901652,3
"2098",5903791,2
"2099",5904212,1
"2100",5906964,3
"2101",5907235,3
"2102",5908553,3
"2103",5911936,3
"2104",5911977,3
"2105",5914511,3
"2106",5923313,3
"2107",5925113,1
"2108",5925984,3
"2109",5928183,4
"2110",5934913,1
"2111",5937184,1
"2112",5938176,3
"2113",5940006,3
"2114",5942025,2
"2115",5942812,3
"2116",5945310,3
"2117",5946386,3
"2118",5951917,3
"2119",5955133,3
"2120",5956956,3
"2121",5957840,3
"2122",5959154,2
"2123",5966582,3
"2124",5967277,3
"2125",5970387,3
"2126",5971283,3
"2127",5975615,3
"2128",5984614,2
"2129",5984918,2
"2130",5989774,3
"2131",5991666,3
"2132",5995565,1
"2133",5996408,2
"2134",5996719,2
"2135",5997138,2
"2136",5998525,3
"2137",5998719,2
"2138",5999345,3
"2139",5999350,3
"2140",5999631,2
"2141",6000343,3
"2142",6005019,2
"2143",6012668,3
"2144",6014146,2
"2145",6015564,4
"2146",6016440,3
"2147",6017491,4
"2148",6019423,2
"2149",6019595,3
"2150",6019717,2
"2151",6021277,3
"2152",6024779,4
"2153",6025224,3
"2154",6027037,3
"2155",6027201,4
"2156",6029647,3
"2157",6030189,2
"2158",6030426,1
"2159",6031237,1
"2160",6035589,1
"2161",6037232,3
"2162",6040101,3
"2163",6069146,3
"2164",6069269,3
"2165",6070300,3
"2166",6074100,1
"2167",6074441,2
"2168",6076273,1
"2169",6077894,3
"2170",6079470,1
"2171",6080110,4
"2172",6080380,2
"2173",6081156,2
"2174",6084487,3
"2175",6086317,3
"2176",6087433,2
"2177",6091855,2
"2178",6094081,3
"2179",6104875,2
"2180",6106971,2
"2181",6108127,3
"2182",6113679,2
"2183",6116515,1
"2184",6117752,2
"2185",6121316,2
"2186",6122186,1
"2187",6130579,4
"2188",6132093,3
"2189",6134353,3
"2190",6148982,4
"2191",6149147,2
"2192",6151344,3
"2193",6153865,1
"2194",6155342,4
"2195",6160149,3
"2196",6161268,2
"2197",6161836,2
"2198",6163123,2
"2199",6166308,2
"2200",6166747,1
"2201",6168246,2
"2202",6172461,3
"2203",6174741,3
"2204",6178331,3
"2205",6178680,3
"2206",6179384,1
"2207",6179975,3
"2208",6181157,1
"2209",6185901,3
"2210",6187331,3
"2211",6188400,2
"2212",6188500,2
"2213",6189208,3
"2214",6192712,3
"2215",6192961,1
"2216",6193067,3
"2217",6195908,3
"2218",6197978,4
"2219",6198304,2
"2220",6207558,4
"2221",6211390,1
"2222",6212297,1
"2223",6213806,2
"2224",6222269,2
"2225",6222884,3
"2226",6223867,4
"2227",6224915,1
"2228",6225862,4
"2229",6226493,3
"2230",6227345,3
"2231",6233773,1
"2232",6233978,3
"2233",6240387,3
"2234",6244017,2
"2235",6247189,2
"2236",6247328,2
"2237",6247484,4
"2238",6248213,3
"2239",6248556,4
"2240",6248637,4
"2241",6250058,1
"2242",6263639,3
"2243",6264333,4
"2244",6265781,4
"2245",6267470,1
"2246",6270162,2
"2247",6274413,1
"2248",6274827,2
"2249",6274899,4
"2250",6275357,1
"2251",6276500,3
"2252",6277288,4
"2253",6277465,4
"2254",6277570,4
"2255",6278226,1
"2256",6281882,3
"2257",6282283,1
"2258",6282324,4
"2259",6283238,2
"2260",6284312,1
"2261",6284374,2
"2262",6285516,2
"2263",6286769,1
"2264",6287185,2
"2265",6288101,4
"2266",6292220,3
"2267",6294036,3
"2268",6294972,4
"2269",6296565,3
"2270",6298271,3
"2271",6299590,2
"2272",6300058,3
"2273",6300693,4
"2274",6300890,2
"2275",6301027,4
"2276",6301766,4
"2277",6304787,3
"2278",6310228,1
"2279",6310741,2
"2280",6314522,3
"2281",6316159,4
"2282",6316293,1
"2283",6318101,3
"2284",6319288,2
"2285",6319575,3
"2286",6322477,4
"2287",6323619,3
"2288",6324210,1
"2289",6326362,3
"2290",6329980,3
"2291",6332096,2
"2292",6333110,3
"2293",6337158,2
"2294",6343807,4
"2295",6344269,2
"2296",6345461,4
"2297",6345589,3
"2298",6345664,1
"2299",6353427,4
"2300",6358694,1
"2301",6359539,2
"2302",6360671,3
"2303",6360792,4
"2304",6362487,4
"2305",6363564,4
"2306",6369676,3
"2307",6380369,3
"2308",6381892,3
"2309",6383842,3
"2310",6386578,4
"2311",6387164,3
"2312",6393424,3
"2313",6399308,3
"2314",6399918,2
"2315",6401325,3
"2316",6402048,4
"2317",6408810,3
"2318",6412086,1
"2319",6412364,3
"2320",6415131,1
"2321",6417046,2
"2322",6417611,3
"2323",6418722,4
"2324",6421838,3
"2325",6421883,2
"2326",6426039,4
"2327",6431042,3
"2328",6433993,2
"2329",6436379,2
"2330",6437133,3
"2331",6441124,3
"2332",6441667,4
"2333",6444114,4
"2334",6445278,3
"2335",6446487,3
"2336",6449292,3
"2337",6452392,3
"2338",6453189,4
"2339",6457183,4
"2340",6458175,3
"2341",6460607,3
"2342",6462366,3
"2343",6465520,3
"2344",6468590,3
"2345",6468729,3
"2346",6468882,4
"2347",6471537,3
"2348",6473392,2
"2349",6474596,3
"2350",6475332,3
"2351",6476848,1
"2352",6477984,2
"2353",6482061,1
"2354",6488879,3
"2355",6489527,3
"2356",6489666,2
"2357",6489965,2
"2358",6490318,1
"2359",6494296,2
"2360",6495533,4
"2361",6495933,4
"2362",6497208,4
"2363",6503973,4
"2364",6509787,2
"2365",6510571,2
"2366",6512378,1
"2367",6514571,4
"2368",6515753,3
"2369",6516712,3
"2370",6517032,2
"2371",6525178,2
"2372",6530083,3
"2373",6535194,2
"2374",6538307,3
"2375",6538976,3
"2376",6540361,3
"2377",6541407,3
"2378",6544867,3
"2379",6548218,3
"2380",6548605,3
"2381",6549045,4
"2382",6643271,3
"2383",6724808,3
"2384",6739429,3
"2385",6808499,3
"2386",6813292,3
"2387",6845759,3
"2388",6871449,3
"2389",6874533,2
"2390",6881572,3
"2391",6911528,4
"2392",6921601,3
"2393",6938252,1
"2394",7010947,3
"2395",7013345,4
"2396",7019352,4
"2397",7048001,1
"2398",7050086,2
"2399",7052076,2
"2400",7059935,3
"2401",7060562,1
"2402",7105681,2
"2403",7149420,4
"2404",7161197,3
"2405",7165650,3
"2406",7166730,3
"2407",7169084,3
"2408",7171014,2
"2409",7193168,4
"2410",7195154,2
"2411",7199622,1
"2412",7202008,1
"2413",7202459,2
"2414",7205196,4
"2415",7205508,3
"2416",7206334,1
"2417",7211520,3
"2418",7213295,3
"2419",7217268,1
"2420",7220485,4
"2421",7222647,3
"2422",7224320,3
"2423",7224458,3
"2424",7225467,3
"2425",7226285,4
"2426",7226798,3
"2427",7230207,3
"2428",7238087,4
"2429",7242569,1
"2430",7242815,1
"2431",7243501,2
"2432",7245984,2
"2433",7252099,4
"2434",7254723,3
"2435",7256406,3
"2436",7257382,1
"2437",7259886,2
"2438",7260451,3
"2439",7260626,3
"2440",7268017,3
"2441",7268081,4
"2442",7268419,3
"2443",7271228,4
"2444",7275977,3
"2445",7285157,3
"2446",7289691,3
"2447",7291596,1
"2448",7291718,3
"2449",7292109,4
"2450",7294651,4
"2451",7296902,3
"2452",7297871,3
"2453",7303519,2
"2454",7304817,3
"2455",7311108,3
"2456",7311157,4
"2457",7314622,2
"2458",7315946,1
"2459",7316329,3
"2460",7321474,3
"2461",7323684,3
"2462",7323734,3
"2463",7323740,1
"2464",7323879,2
"2465",7324066,4
"2466",7324333,2
"2467",7326926,4
"2468",7327369,2
"2469",7327377,2
"2470",7328869,2
"2471",7330306,3
"2472",7331136,3
"2473",7331153,2
"2474",7331490,3
"2475",7332499,2
"2476",7334489,2
"2477",7336742,2
"2478",7337015,3
"2479",7337362,2
"2480",7342338,3
"2481",7346621,2
"2482",7348289,1
"2483",7350838,3
"2484",7354731,3
"2485",7355436,3
"2486",7356664,3
"2487",7360870,1
"2488",7364771,1
"2489",7366181,3
"2490",7369733,3
"2491",7372377,2
"2492",7374666,3
"2493",7477430,3
"2494",7502896,2
"2495",7524263,3
"2496",7557594,2
"2497",7561304,3
"2498",7592385,1
"2499",7634053,3
"2500",7639878,4
"2501",7641007,4
"2502",7643430,1
"2503",7644462,2
"2504",7671474,3
"2505",7673545,3
"2506",7688815,3
"2507",7747174,3
"2508",7749928,3
"2509",7770408,3
"2510",7775727,2
"2511",7785953,1
"2512",7816833,2
"2513",7817147,3
"2514",7842831,3
"2515",7847288,3
"2516",7860968,4
"2517",7862878,3
"2518",7871143,3
"2519",7883513,4
"2520",7892220,4
"2521",7909567,1
"2522",7911470,4
"2523",7914407,3
"2524",7927458,3
"2525",7927574,3
"2526",7947249,3
"2527",7977973,3
"2528",7995407,3
"2529",8007889,1
"2530",8022735,4
"2531",8037523,3
"2532",8059894,3
"2533",8090463,3
"2534",8092251,3
"2535",8099758,3
"2536",8135898,4
"2537",8137764,2
"2538",8145818,3
"2539",8174036,3
"2540",8221463,3
"2541",8238047,3
"2542",8244755,1
"2543",8244871,1
"2544",8302830,2
"2545",8310036,3
"2546",8318171,3
"2547",8329563,2
"2548",8374323,4
"2549",8384070,4
"2550",8392086,3
"2551",8405256,3
"2552",8421128,2
"2553",8434870,3
"2554",8443722,3
"2555",8485950,1
"2556",8492693,3
"2557",8494333,3
"2558",8495304,3
"2559",8498801,3
"2560",8504631,1
"2561",8539477,2
"2562",8546443,3
"2563",8553005,3
"2564",8578866,4
"2565",8584424,3
"2566",8588104,1
"2567",8631851,3
"2568",8635844,1
"2569",8645793,3
"2570",8646085,1
"2571",8650467,3
"2572",8659927,3
"2573",8664673,3
"2574",8679701,3
"2575",8689237,2
"2576",8695670,3
"2577",8695707,3
"2578",8695936,2
"2579",8696211,2
"2580",8696261,3
"2581",8734071,2
"2582",8754583,3
"2583",8759416,3
"2584",8759713,1
"2585",8772544,2
"2586",8775905,2
"2587",8787642,4
"2588",8799486,3
"2589",8813123,2
"2590",8842909,3
"2591",8847788,3
"2592",8857107,1
"2593",8860369,3
"2594",8880496,3
"2595",8903547,2
"2596",8906670,1
"2597",8908879,3
"2598",8909668,3
"2599",8913326,3
"2600",8933365,3
"2601",8944536,2
"2602",8968937,2
"2603",8975018,3
"2604",8977257,3
"2605",8980107,4
"2606",8988107,2
"2607",9002317,4
"2608",9009196,1
"2609",9011631,3
"2610",9037868,3
"2611",9046857,2
"2612",9048106,1
"2613",9050525,4
"2614",9051126,1
"2615",9061989,2
"2616",9069967,3
"2617",9077830,2
"2618",9078862,3
"2619",9090620,3
"2620",9092785,3
"2621",9103971,3
"2622",9114686,3
"2623",9115206,3
"2624",9133679,2
"2625",9140517,3
"2626",9146839,3
"2627",9164408,2
"2628",9203457,3
"2629",9213504,3
"2630",9216367,3
"2631",9216413,3
"2632",9224643,1
"2633",9231585,2
"2634",9234039,3
"2635",9235562,4
"2636",9276010,3
"2637",9276656,3
"2638",9300034,4
"2639",9309048,2
"2640",9319881,2
"2641",9332860,3
"2642",9344007,2
"2643",9366441,3
"2644",9389042,3
"2645",9409783,3
"2646",9425398,3
"2647",9426166,2
"2648",9429471,3
"2649",9433838,3
"2650",9492218,3
"2651",9497485,2
"2652",9499873,3
"2653",9541022,3
"2654",9542472,4
"2655",9565020,3
"2656",9583063,4
"2657",9609105,3
"2658",9613453,2
"2659",9657520,2
"2660",9668775,3
"2661",9683766,1
"2662",9685883,3
"2663",9690511,3
"2664",9729617,1
"2665",9755302,1
"2666",9780030,3
"2667",9791706,3
"2668",9792991,3
"2669",9824659,1
"2670",9824693,3
"2671",9828490,3
"2672",9841993,3
"2673",9847127,1
"2674",9848655,3
"2675",9865457,3
"2676",9876403,1
"2677",9887086,3
"2678",9897112,3
"2679",9898571,2
"2680",9930772,4
"2681",9930973,3
"2682",9934005,3
"2683",9943840,3
"2684",10013925,3
"2685",10032571,3
"2686",10036110,3
"2687",10056325,3
"2688",10075000,1
"2689",10075589,3
"2690",10107026,2
"2691",10109910,1
"2692",10132002,3
"2693",10139315,4
"2694",10161439,2
"2695",10194728,3
"2696",10233042,3
"2697",10250006,3
"2698",10261790,2
"2699",10262716,3
"2700",10269536,3
"2701",10292625,2
"2702",10310431,2
"2703",10313338,3
"2704",10329025,4
"2705",10341220,3
"2706",10343472,3
"2707",10345800,3
"2708",10383568,3
"2709",10387475,3
"2710",10395698,3
"2711",10396987,3
"2712",10403338,2
"2713",10412280,3
"2714",10413037,3
"2715",10414531,3
"2716",10416566,3
"2717",10463664,1
"2718",10485207,3
"2719",10485279,4
"2720",10506794,3
"2721",10533589,4
"2722",10540329,3
"2723",10541141,2
"2724",10544361,3
"2725",10550798,2
"2726",10554211,3
"2727",10581154,3
"2728",10590550,3
"2729",10618514,3
"2730",10622158,3
"2731",10680038,3
"2732",10695559,3
"2733",10714117,1
"2734",10715587,3
"2735",10716309,3
"2736",10721392,3
"2737",10721417,3
"2738",10722114,3
"2739",10727842,4
"2740",10735654,2
"2741",10737586,3
"2742",10738176,2
"2743",10742764,3
"2744",10744640,4
"2745",10747371,2
"2746",10750363,1
"2747",10752723,1
"2748",10752724,3
"2749",10757031,3
"2750",10863362,3
"2751",10896261,4
"2752",10916823,1
"2753",10960571,2
"2754",11053090,3
"2755",11096481,3
"2756",11167276,3
"2757",11167446,3
"2758",11168457,1
"2759",11169185,3
"2760",11169223,3
"2761",11169232,3
"2762",11172661,3
"2763",11188160,4
"2764",11225376,3
"2765",11244912,3
"2766",11332011,4
"2767",11357717,2
"2768",11489254,4
"2769",11640484,1
"2770",11646505,3
"2771",11835860,1
"2772",11863252,4
"2773",11963296,4
"2774",12041734,1
"2775",12251220,3
"2776",12254941,3
"2777",12336806,4
"2778",12341192,3
"2779",12341311,2
"2780",12403950,4
"2781",12426828,2
"2782",12436133,3
"2783",12454962,3
"2784",12519624,3
"2785",12530899,4
"2786",12559755,3
"2787",12561535,3
"2788",12562434,3
"2789",12587066,2
"2790",12613828,2
"2791",12614347,2
"2792",12615185,3
"2793",12673812,3
"2794",12676491,3
"2795",12693163,2
"2796",12720504,4
"2797",12720793,3
"2798",12721213,2
"2799",12743425,2
"2800",12771176,2
"2801",12819009,3
"2802",12819977,3
"2803",12822935,1
"2804",12845197,3
"2805",12847983,3
"2806",12848096,3
"2807",12876914,2
"2808",12900924,3
"2809",12926170,3
"2810",12951350,3
"2811",12951424,3
"2812",13003286,3
"2813",13054676,2
"2814",13055324,1
"2815",13065734,3
"2816",13137865,3
"2817",13140322,2
"2818",13183894,3
"2819",13230015,3
"2820",13230091,3
"2821",13232935,2
"2822",13258779,2
"2823",13283457,4
"2824",13285094,3
"2825",13310207,2
"2826",13310765,4
"2827",13334717,3
"2828",13361987,3
"2829",13362075,3
"2830",13362767,1
"2831",13391101,2
"2832",13391610,4
"2833",13449034,2
"2834",13450042,2
"2835",13473787,2
"2836",13476025,3
"2837",13492441,4
"2838",13497860,3
"2839",13530479,4
"2840",13584977,4
"2841",13598871,3
"2842",13607848,3
"2843",13614487,3
"2844",13616389,3
"2845",13709355,3
"2846",13745996,4
"2847",13809403,3
"2848",13820502,1
"2849",13832157,1
"2850",13832300,4
"2851",13832864,3
"2852",13863451,1
"2853",13907272,1
"2854",13911237,3
"2855",13995218,3
"2856",14017222,3
"2857",14049704,2
"2858",14088054,3
"2859",14160206,1
"2860",14313992,2
"2861",14314032,2
"2862",14492648,3
"2863",14500404,3
"2864",14502772,3
"2865",14503800,2
"2866",14503814,2
"2867",14510004,4
"2868",14511374,3
"2869",14517394,3
"2870",14523479,2
"2871",14523821,4
"2872",14524755,3
"2873",14539058,2
"2874",14544277,3
"2875",14546781,3
"2876",14558284,3
"2877",14559402,3
"2878",14560497,3
"2879",14562492,3
"2880",14568409,2
"2881",14569315,3
"2882",14572187,2
"2883",14575707,1
"2884",14585548,3
"2885",14585595,4
"2886",14591488,3
"2887",14595555,4
"2888",14596530,3
"2889",14599210,1
"2890",14599221,2
"2891",14600175,3
"2892",14602125,2
"2893",14604870,4
"2894",14609634,1
"2895",14612192,3
"2896",14629107,1
"2897",14631728,2
"2898",14633295,4
"2899",14633636,3
"2900",14636094,3
"2901",14636284,2
"2902",14636760,1
"2903",14637603,3
"2904",14637947,3
"2905",14647366,1
"2906",14652055,3
"2907",14654269,3
"2908",14655410,3
"2909",14657469,4
"2910",14660818,2
"2911",14668031,4
"2912",14671295,4
"2913",14671865,3
"2914",14673628,2
"2915",14680367,3
"2916",14684287,2
"2917",14687755,3
"2918",14691307,2
"2919",14691575,2
"2920",14694727,2
"2921",14700950,2
"2922",14701331,2
"2923",14701336,3
"2924",14702613,4
"2925",14702676,3
"2926",14706656,3
"2927",14711915,3
"2928",14720152,3
"2929",14720795,3
"2930",14724583,4
"2931",14728272,2
"2932",14728712,3
"2933",14731333,3
"2934",14733130,3
"2935",14738214,2
"2936",14741230,1
"2937",14741422,3
"2938",14742194,3
"2939",14744865,3
"2940",14747932,1
"2941",14753467,2
"2942",14753623,1
"2943",14766182,3
"2944",14768968,4
"2945",14773892,3
"2946",14775367,3
"2947",14790641,3
"2948",14791342,4
"2949",14794547,2
"2950",14795085,3
"2951",14798680,3
"2952",14800468,4
"2953",14835273,2
"2954",14844237,2
"2955",14847341,2
"2956",14888994,3
"2957",14897735,2
"2958",14920567,2
"2959",14923680,4
"2960",14928431,3
"2961",14930309,3
"2962",14934122,2
"2963",14947706,3
"2964",14949244,3
"2965",14951843,3
"2966",14952348,2
"2967",14952886,3
"2968",14958636,3
"2969",14965022,3
"2970",14965838,3
"2971",14976028,4
"2972",14978018,2
"2973",14985986,2
"2974",14987902,2
"2975",14996212,2
"2976",15004511,1
"2977",15005687,3
"2978",15007737,2
"2979",15009917,4
"2980",15010223,3
"2981",15018069,3
"2982",15018576,3
"2983",15019977,2
"2984",15023619,3
"2985",15025021,3
"2986",15026765,3
"2987",15038196,2
"2988",15038695,3
"2989",15040635,3
"2990",15041937,2
"2991",15042709,2
"2992",15045456,3
"2993",15046303,2
"2994",15053926,3
"2995",15059730,4
"2996",15060681,3
"2997",15064056,3
"2998",15067240,3
"2999",15073601,3
"3000",15074043,1
"3001",15074688,3
"3002",15076270,4
"3003",15079270,1
"3004",15082195,3
"3005",15083066,3
"3006",15085267,1
"3007",15086373,3
"3008",15087342,3
"3009",15092733,3
"3010",15093089,3
"3011",15095208,3
"3012",15098465,3
"3013",15101470,4
"3014",15108217,4
"3015",15109897,3
"3016",15112820,3
"3017",15112913,2
"3018",15115945,3
"3019",15119157,3
"3020",15126444,3
"3021",15139216,3
"3022",15144684,1
"3023",15147735,4
"3024",15149782,3
"3025",15156696,4
"3026",15157070,2
"3027",15161003,3
"3028",15163446,1
"3029",15165564,4
"3030",15166663,3
"3031",15167965,3
"3032",15168649,4
"3033",15169083,2
"3034",15170973,3
"3035",15175714,3
"3036",15184197,3
"3037",15186949,2
"3038",15188950,3
"3039",15189681,3
"3040",15192398,2
"3041",15204348,2
"3042",15206003,2
"3043",15206896,3
"3044",15207201,2
"3045",15207664,3
"3046",15208205,2
"3047",15214073,2
"3048",15215452,4
"3049",15215481,3
"3050",15217139,2
"3051",15219535,4
"3052",15290704,3
"3053",15292400,4
"3054",15292628,3
"3055",15293797,4
"3056",15295555,3
"3057",15295880,4
"3058",15299621,1
"3059",15487858,3
"3060",15908118,3
"3061",15913098,3
"3062",16189451,3
"3063",16190188,3
"3064",16191788,2
"3065",16192222,1
"3066",16405826,3
"3067",16531756,3
"3068",16637957,2
"3069",16729006,2
"3070",16917010,3
"3071",17055532,3
"3072",17056138,3
"3073",17057261,2
"3074",17061499,3
"3075",17062232,1
"3076",17067160,3
"3077",17068648,1
"3078",17101412,4
"3079",17101554,4
"3080",17104134,3
"3081",17104586,2
"3082",17106526,3
"3083",17419226,3
"3084",17550348,3
"3085",17729641,3
"3086",17864755,4
"3087",18135652,1
"3088",18137623,3
"3089",18137997,2
"3090",18142587,3
"3091",18148179,4
"3092",18162362,3
"3093",18163961,2
"3094",18164448,4
"3095",18168198,1
"3096",18171550,2
"3097",18171891,1
"3098",18571188,3
"3099",18608705,2
"3100",19000199,3
"3101",19413239,4
"3102",19606569,3
"3103",19606712,3
"3104",19612687,4
"3105",19613860,2
"3106",19615869,3
"3107",19616360,3
"3108",19634623,4
"3109",19650381,3
"3110",19651361,3
"3111",19657746,2
"3112",19669170,3
"3113",19690139,3
"3114",19697137,2
"3115",19699232,3
"3116",19703858,4
"3117",19705839,3
"3118",19711634,3
"3119",19712044,3
"3120",19721882,1
"3121",19722710,4
"3122",19724435,3
"3123",19725250,1
"3124",19727779,4
"3125",19727973,4
"3126",19731536,1
"3127",19733332,3
"3128",19737294,3
"3129",19738319,4
"3130",19739073,2
"3131",19740411,2
"3132",19742294,3
"3133",19744013,3
"3134",19744631,3
"3135",19745101,1
"3136",19745853,3
"3137",19751725,3
"3138",19757774,3
"3139",19759228,1
"3140",19761794,3
"3141",19764495,3
"3142",19764527,3
"3143",20542549,3
"3144",20840326,4
"3145",20841554,3
"3146",20843355,2
"3147",20845150,2
"3148",20845691,2
"3149",20846861,3
"3150",20851232,2
"3151",20851525,3
"3152",20851728,3
"3153",20853265,4
"3154",20857646,1
"3155",20857731,4
"3156",20858726,3
"3157",20861215,3
"3158",20862110,3
"3159",20863519,2
"3160",20863594,4
"3161",20865794,4
"3162",20874387,3
"3163",20887284,3
"3164",20893756,3
"3165",20895491,2
"3166",20907067,4
"3167",20912818,4
"3168",20916629,4
"3169",20924056,4
"3170",20926476,3
"3171",20929489,3
"3172",20931856,4
"3173",20934980,1
"3174",20935056,2
"3175",20939878,2
"3176",20940042,4
"3177",20940336,2
"3178",20943930,2
"3179",20943987,3
"3180",20951728,3
"3181",20963728,3
"3182",20965669,2
"3183",20968733,3
"3184",20969632,3
"3185",20973050,2
"3186",20975745,3
"3187",20976295,1
"3188",20982071,2
"3189",20983261,4
"3190",20988897,3
"3191",20992570,3
"3192",20993652,1
"3193",20994898,3
"3194",21015696,4
"3195",21020295,2
"3196",21023820,4
"3197",21027988,3
"3198",21037766,3
"3199",21040272,2
"3200",21042063,3
"3201",21055993,3
"3202",21064536,2
"3203",21066684,2
"3204",21093075,4
"3205",21096023,3
"3206",21105453,4
"3207",21109837,4
"3208",21112108,3
"3209",21132651,3
"3210",21165867,2
"3211",21182504,3
"3212",21188002,2
"3213",21216733,2
"3214",21226887,3
"3215",21230721,3
"3216",21238282,3
"3217",21245939,2
"3218",21250006,2
"3219",21253870,4
"3220",21257743,4
"3221",21266277,2
"3222",21271764,2
"3223",21272331,4
"3224",21273654,1
"3225",21291443,4
"3226",21293420,2
"3227",21295896,3
"3228",21297221,1
"3229",21299519,2
"3230",21299838,2
"3231",22345929,2
"3232",22391356,3
"3233",22505876,3
"3234",22767095,3
"3235",23077745,3
"3236",23096212,3
"3237",23096589,3
"3238",23100377,3
"3239",23105640,3
"3240",23108170,3
"3241",23113901,3
"3242",23123044,3
"3243",23126587,3
"3244",23126616,3
"3245",23126736,1
"3246",23130113,3
"3247",23134262,2
"3248",23141866,3
"3249",23144887,3
"3250",23145288,3
"3251",23175056,4
"3252",23177041,3
"3253",23187170,2
"3254",23189847,2
"3255",23192612,3
"3256",23192942,1
"3257",23196455,3
"3258",23198436,2
"3259",23202581,3
"3260",23202633,1
"3261",23204924,4
"3262",23210937,2
"3263",23211618,3
"3264",23211897,4
"3265",23212527,2
"3266",23215460,2
"3267",23221403,3
"3268",23223062,1
"3269",23226920,3
"3270",23228385,2
"3271",23231026,3
"3272",23231948,3
"3273",23234589,3
"3274",23234978,3
"3275",23235474,1
"3276",23235491,3
"3277",23238402,3
"3278",23241956,3
"3279",23247060,3
"3280",23248629,3
"3281",23250713,1
"3282",23252165,1
"3283",23253848,3
"3284",23255631,1
"3285",23257524,3
"3286",23258856,3
"3287",23260008,3
"3288",23260967,4
"3289",23261510,4
"3290",23263642,3
"3291",23266321,1
"3292",23268651,2
"3293",23268915,3
"3294",23272204,3
"3295",23273571,4
"3296",23274241,4
"3297",23274521,2
"3298",23277480,1
"3299",23278805,1
"3300",23282690,3
"3301",23283171,3
"3302",23283932,3
"3303",23288424,3
"3304",23288434,4
"3305",23290639,1
"3306",23297675,3
"3307",23298973,3
"3308",23302740,4
"3309",23303962,3
"3310",23304783,3
"3311",23305447,3
"3312",23306054,3
"3313",23308806,3
"3314",23310048,2
"3315",23310606,4
"3316",23311482,3
"3317",23324090,3
"3318",23324465,3
"3319",23325762,4
"3320",23327438,2
"3321",23327563,4
"3322",23328376,2
"3323",23328565,2
"3324",23328731,3
"3325",23331780,4
"3326",23385846,1
"3327",23389152,4
"3328",23392748,2
"3329",23392996,1
"3330",23393739,4
"3331",23398125,3
"3332",23398959,4
"3333",23416912,3
"3334",23418516,3
"3335",23419615,2
"3336",23420150,1
"3337",23421647,3
"3338",23424768,1
"3339",23426213,2
"3340",23426441,1
"3341",23426453,1
"3342",23427912,3
"3343",23428975,3
"3344",23429267,3
"3345",23431724,1
"3346",23431979,4
"3347",23436057,3
"3348",23442295,2
"3349",23443330,3
"3350",23444876,1
"3351",23448719,2
"3352",23453663,3
"3353",23454668,1
"3354",23456411,1
"3355",23456826,4
"3356",23459931,3
"3357",23460494,3
"3358",23461393,3
"3359",23461530,3
"3360",23461927,2
"3361",23473025,4
"3362",23486504,4
"3363",23506784,4
"3364",23507153,4
"3365",23539633,4
"3366",23625416,3
"3367",23626871,3
"3368",23627796,1
"3369",23629373,3
"3370",23630957,3
"3371",23631692,3
"3372",23633053,4
"3373",23656261,3
"3374",23665294,3
"3375",23702359,3
"3376",23703433,2
"3377",23705789,3
"3378",23712113,2
"3379",23712200,2
"3380",23714755,1
"3381",23716719,3
"3382",23717724,2
"3383",23718867,4
"3384",23719113,4
"3385",23719266,1
"3386",23721519,1
"3387",23722635,1
"3388",23727991,3
"3389",23730790,2
"3390",23733761,1
"3391",23744043,1
"3392",23744516,3
"3393",23752906,4
"3394",23756136,4
"3395",23756668,2
"3396",23757692,3
"3397",23761152,2
"3398",23770930,4
"3399",23771720,4
"3400",23775521,3
"3401",23775807,4
"3402",23779262,4
"3403",23782440,3
"3404",23783651,4
"3405",23784586,2
"3406",23790770,3
"3407",23791888,4
"3408",23793089,3
"3409",23795168,1
"3410",23805370,3
"3411",23835656,4
"3412",23836701,4
"3413",23841400,4
"3414",23841608,4
"3415",23841707,1
"3416",23846889,1
"3417",23847007,2
"3418",23851243,3
"3419",23857612,3
"3420",23858364,3
"3421",23859435,2
"3422",23861049,3
"3423",23862320,3
"3424",23866605,1
"3425",23870790,3
"3426",23872328,3
"3427",23873268,3
"3428",23875943,2
"3429",23915455,4
"3430",23960513,3
"3431",23960752,3
"3432",23961161,2
"3433",23963096,3
"3434",23963410,4
"3435",23963526,4
"3436",23963680,4
"3437",23983716,4
"3438",23984080,4
"3439",23986944,3
"3440",23987461,1
"3441",23987708,3
"3442",23987830,3
"3443",24005019,3
"3444",24006725,2
"3445",24008948,1
"3446",24009056,4
"3447",24011857,2
"3448",24013558,3
"3449",24096502,1
"3450",24096766,3
"3451",24097010,4
"3452",24097126,2
"3453",24098291,3
"3454",24098815,2
"3455",24099728,3
"3456",24111462,3
"3457",24111904,3
"3458",24115134,2
"3459",24120735,3
"3460",24121782,3
"3461",24121871,2
"3462",24121998,3
"3463",24141830,3
"3464",24239235,3
"3465",24244178,1
"3466",24244787,3
"3467",24246310,2
"3468",24248011,3
"3469",24252913,3
"3470",24255932,2
"3471",24256196,3
"3472",24261670,4
"3473",24265683,2
"3474",24275649,3
"3475",24291091,3
"3476",24292980,2
"3477",24293725,3
"3478",24340204,4
"3479",24340497,4
"3480",24342704,3
"3481",24344356,1
"3482",24344757,3
"3483",24345439,3
"3484",24345602,1
"3485",24347333,3
"3486",24364630,3
"3487",24365402,3
"3488",24388021,3
"3489",24392349,4
"3490",24408213,3
"3491",24408690,3
"3492",24413358,2
"3493",24415644,1
"3494",24417799,2
"3495",24418379,3
"3496",24439674,3
"3497",24452256,2
"3498",24453701,4
"3499",24455081,1
"3500",24456272,1
"3501",24456935,3
"3502",24457370,3
"3503",24458226,1
"3504",24458652,2
"3505",24462719,4
"3506",24492592,1
"3507",24505713,1
"3508",24509422,4
"3509",24511299,3
"3510",24512003,4
"3511",24512134,3
"3512",24512273,1
"3513",24514970,3
"3514",24524132,3
"3515",24528843,1
"3516",24529849,4
"3517",24530035,2
"3518",24531418,3
"3519",24535017,1
"3520",24535670,3
"3521",24535717,1
"3522",24536733,3
"3523",24537151,3
"3524",24539098,1
"3525",24541436,2
"3526",24542641,3
"3527",24544165,3
"3528",24545978,3
"3529",24548240,2
"3530",24550898,1
"3531",24556979,1
"3532",24583752,3
"3533",24584265,1
"3534",24593956,4
"3535",24595908,3
"3536",24596047,3
"3537",24624895,3
"3538",24626991,3
"3539",24627683,3
"3540",24627691,3
"3541",24628858,3
"3542",24628891,3
"3543",24629043,2
"3544",24634442,4
"3545",24635534,3
"3546",24643013,2
"3547",24643695,4
"3548",24644530,3
"3549",24644922,3
"3550",24647714,3
"3551",24650716,2
"3552",24651149,3
"3553",24652280,1
"3554",24652569,2
"3555",24652647,2
"3556",24653676,4
"3557",24653815,4
"3558",24654063,3
"3559",24655986,3
"3560",24656902,2
"3561",24657651,3
"3562",24658121,2
"3563",24658737,4
"3564",24659100,3
"3565",24659388,3
"3566",24659425,4
"3567",24659437,3
"3568",24659619,3
"3569",24659890,3
"3570",24660510,3
"3571",24660715,3
"3572",24661200,3
"3573",24661224,2
"3574",24661505,3
"3575",24661527,3
"3576",24661643,3
"3577",24661696,3
"3578",24661902,3
"3579",24662410,3
"3580",24662802,3
"3581",24664593,3
"3582",24665225,2
"3583",24677572,3
"3584",24677604,4
"3585",24677893,3
"3586",24680552,1
"3587",24680554,1
"3588",24681245,3
"3589",24682482,3
"3590",24685048,1
"3591",24686045,3
"3592",24688895,3
"3593",24701115,3
"3594",24709185,2
"3595",24709700,3
"3596",24710612,2
"3597",24712966,3
"3598",24713289,3
"3599",24713303,3
"3600",24713912,4
"3601",24713965,1
"3602",24714568,2
"3603",24715728,3
"3604",24727834,2
"3605",24728285,3
"3606",24734995,2
"3607",24745505,2
"3608",24751042,3
"3609",24751428,3
"3610",24754055,3
"3611",24764631,3
"3612",24765787,3
"3613",24766249,2
"3614",24768253,2
"3615",24768460,1
"3616",24771249,1
"3617",24784078,3
"3618",24784338,1
"3619",24784909,2
"3620",24785701,3
"3621",24794547,3
"3622",24796454,2
"3623",24796694,3
"3624",24797014,3
"3625",24797352,3
"3626",24797445,1
"3627",24798208,3
"3628",24798904,4
"3629",24800632,3
"3630",24803069,3
"3631",24804523,3
"3632",24805314,3
"3633",24806659,1
"3634",24806786,3
"3635",24807046,3
"3636",24807573,1
"3637",24810399,3
"3638",24811402,3
"3639",24814412,2
"3640",24816690,3
"3641",24818052,2
"3642",24820640,3
"3643",24823575,3
"3644",24823829,3
"3645",24824761,2
"3646",24824820,3
"3647",24825243,3
"3648",24825349,2
"3649",24825478,2
"3650",24825854,3
"3651",24828120,3
"3652",24828498,2
"3653",24829835,3
"3654",24829952,3
"3655",24831701,2
"3656",24832908,3
"3657",24838204,3
"3658",24838336,3
"3659",24839336,4
"3660",24841440,3
"3661",24841472,3
"3662",24842780,3
"3663",24842835,3
"3664",24842852,2
"3665",24843112,2
"3666",24846670,3
"3667",24847452,3
"3668",24852534,3
"3669",24855740,2
"3670",24856528,3
"3671",24858318,3
"3672",24862080,2
"3673",24862212,3
"3674",24862345,1
"3675",24864114,3
"3676",24865315,2
"3677",24865703,3
"3678",24867092,2
"3679",24867622,3
"3680",24869368,3
"3681",24869577,3
"3682",24869898,3
"3683",24869901,3
"3684",24871221,3
"3685",24872718,3
"3686",24874894,4
"3687",24876075,3
"3688",24876597,2
"3689",24877327,3
"3690",24879408,2
"3691",24881762,3
"3692",24883447,3
"3693",24892225,3
"3694",24893906,3
"3695",24894909,1
"3696",24896716,3
"3697",24900993,3
"3698",24904141,3
"3699",24904213,3
"3700",24909421,3
"3701",24915449,3
"3702",24921408,3
"3703",24923057,4
"3704",24924535,3
"3705",24927338,3
"3706",24928584,2
"3707",24929429,3
"3708",24929430,3
"3709",24929595,3
"3710",24931318,2
"3711",24932139,3
"3712",24935924,2
"3713",24939687,3
"3714",24939995,3
"3715",24943322,3
"3716",24943338,3
"3717",24944994,3
"3718",24945242,3
"3719",24945476,3
"3720",24946247,2
"3721",24946891,3
"3722",24947392,3
"3723",24947598,2
"3724",24947665,3
"3725",24949636,3
"3726",24950262,3
"3727",24951333,3
"3728",24952058,3
"3729",24952627,2
"3730",24952760,2
"3731",24952786,3
"3732",24957315,1
"3733",24960164,1
"3734",24961949,3
"3735",24963821,3
"3736",24966022,3
"3737",24966517,4
"3738",24971454,1
"3739",24973005,2
"3740",24975206,3
"3741",24995197,1
"3742",25118256,3
"3743",25118621,3
"3744",25118779,3
"3745",25126142,3
"3746",25129977,3
"3747",25131380,3
"3748",25134855,4
"3749",25134900,2
"3750",25136207,3
"3751",25136452,3
"3752",25136828,3
"3753",25137515,3
"3754",25138754,1
"3755",25139593,3
"3756",25142698,3
"3757",25143821,3
"3758",25144626,3
"3759",25145172,3
"3760",25146385,3
"3761",25147088,3
"3762",25147355,2
"3763",25147988,3
"3764",25150340,4
"3765",25151437,3
"3766",25152934,3
"3767",25155357,3
"3768",25158644,4
"3769",25160786,3
"3770",25164241,3
"3771",25165260,3
"3772",25171145,3
"3773",25174449,1
"3774",25178149,4
"3775",25179375,1
"3776",25179600,3
"3777",25182357,4
"3778",25186440,1
"3779",25188797,3
"3780",25188867,3
"3781",25191537,2
"3782",25192347,2
"3783",25192915,3
"3784",25196601,3
"3785",25197754,2
"3786",25198232,3
"3787",25199260,3
"3788",25200364,3
"3789",25202529,3
"3790",25203938,2
"3791",25204775,1
"3792",25205269,3
"3793",25205824,3
"3794",25207086,1
"3795",25207325,3
"3796",25209222,3
"3797",25209594,3
"3798",25210330,3
"3799",25212098,3
"3800",25214138,3
"3801",25218360,3
"3802",25218546,3
"3803",25219724,3
"3804",25221292,3
"3805",25226389,3
"3806",25229822,3
"3807",25234715,3
"3808",25235214,1
"3809",25239117,1
"3810",25245472,3
"3811",25247733,3
"3812",25250574,3
"3813",25251127,3
"3814",25251575,2
"3815",25253659,4
"3816",25254224,3
"3817",25254272,3
"3818",25256016,3
"3819",25256331,4
"3820",25258024,4
"3821",25261294,3
"3822",25262129,3
"3823",25262550,3
"3824",25263478,3
"3825",25265301,3
"3826",25266819,3
"3827",25268989,3
"3828",25270371,3
"3829",25275021,3
"3830",25275893,3
"3831",25277348,3
"3832",25278884,2
"3833",25280536,3
"3834",25280550,2
"3835",25281128,2
"3836",25281838,4
"3837",25282690,3
"3838",25282768,2
"3839",25283265,4
"3840",25283362,3
"3841",25284583,3
"3842",25288037,3
"3843",25288157,2
"3844",25290778,3
"3845",25297836,3
"3846",25298299,3
"3847",25299804,3
"3848",25301648,2
"3849",25302121,3
"3850",25308033,4
"3851",25308034,3
"3852",25308329,3
"3853",25308488,3
"3854",25311131,3
"3855",25311154,3
"3856",25311196,3
"3857",25311340,3
"3858",25311409,3
"3859",25311714,3
"3860",25312620,4
"3861",25314010,3
"3862",25314151,3
"3863",25321683,3
"3864",25322749,3
"3865",25324165,2
"3866",25324659,1
"3867",25326413,3
"3868",25335347,4
"3869",25337949,3
"3870",25338625,3
"3871",25338907,3
"3872",25339187,3
"3873",25339429,1
"3874",25341039,2
"3875",25348947,2
"3876",25349932,1
"3877",25350942,2
"3878",25352228,3
"3879",25352358,3
"3880",25352569,2
"3881",25352834,3
"3882",25352969,2
"3883",25353201,3
"3884",25353346,3
"3885",25354218,2
"3886",25355835,3
"3887",25357802,4
"3888",25358062,3
"3889",25359095,2
"3890",25360101,4
"3891",25368068,3
"3892",25369263,2
"3893",25370135,3
"3894",25370436,4
"3895",25372418,3
"3896",25372833,3
"3897",25375117,2
"3898",25378187,2
"3899",25380004,3
"3900",25380792,3
"3901",25386026,3
"3902",25386289,3
"3903",25387081,3
"3904",25390798,3
"3905",25395231,3
"3906",25395664,2
"3907",25396916,3
"3908",25399680,3
"3909",25400241,3
"3910",25401474,3
"3911",25401612,2
"3912",25404464,3
"3913",25404594,3
"3914",25409062,1
"3915",25411394,3
"3916",25411659,3
"3917",25412208,2
"3918",25414401,3
"3919",25425080,3
"3920",25425687,3
"3921",25426053,3
"3922",25428229,3
"3923",25428461,3
"3924",25429369,2
"3925",25431397,3
"3926",25433964,3
"3927",25434979,3
"3928",25435973,3
"3929",25436862,4
"3930",25437499,3
"3931",25438246,3
"3932",25438554,3
"3933",25440037,3
"3934",25440924,4
"3935",25443889,3
"3936",25445294,1
"3937",25445357,4
"3938",25446449,3
"3939",25451106,1
"3940",25453187,3
"3941",25454030,3
"3942",25458008,3
"3943",25461158,2
"3944",25463083,3
"3945",25465054,2
"3946",25465767,4
"3947",25466032,3
"3948",25466511,3
"3949",25474980,2
"3950",25481405,3
"3951",25482600,4
"3952",25482605,4
"3953",25484886,3
"3954",25488953,3
"3955",25489246,3
"3956",25489409,2
"3957",25489502,1
"3958",25489818,3
"3959",25490329,3
"3960",25491881,4
"3961",25493455,3
"3962",25494168,2
"3963",25502326,3
"3964",25504765,3
"3965",25504964,3
"3966",25505112,3
"3967",25509093,3
"3968",25514925,3
"3969",25517896,3
"3970",25518908,3
"3971",25519861,3
"3972",25520622,3
"3973",25523642,1
"3974",25525213,3
"3975",25525411,1
"3976",25528395,4
"3977",25529130,1
"3978",25531514,3
"3979",25533109,3
"3980",25534188,3
"3981",25535623,3
"3982",25535629,4
"3983",25538348,2
"3984",25539712,3
"3985",25539750,3
"3986",25540217,3
"3987",25540249,3
"3988",25540366,3
"3989",25541956,1
"3990",25543455,3
"3991",25544222,2
"3992",25544614,3
"3993",25544655,3
"3994",25544917,3
"3995",25548706,3
"3996",25549113,3
"3997",25549120,3
"3998",25550704,3
"3999",25552167,3
"4000",25553752,2
"4001",25554220,1
"4002",25555798,3
"4003",25555806,3
"4004",25557092,3
"4005",25559301,3
"4006",25559308,3
"4007",25561296,3
"4008",25565415,3
"4009",25567546,1
"4010",25570744,4
"4011",25570770,3
"4012",25570879,3
"4013",25573215,3
"4014",25573709,1
"4015",25573921,3
"4016",25574713,4
"4017",25575895,3
"4018",25577625,3
"4019",25578328,3
"4020",25578734,3
"4021",25580561,3
"4022",25580678,2
"4023",25582088,3
"4024",25582531,3
"4025",25582590,3
"4026",25583035,1
"4027",25583102,3
"4028",25584598,3
"4029",25586402,3
"4030",25587975,3
"4031",25588272,1
"4032",25589057,1
"4033",25591972,4
"4034",25592722,3
"4035",25592774,3
"4036",25592884,3
"4037",25593184,3
"4038",25595024,3
"4039",25595710,4
"4040",25596865,3
"4041",25596975,3
"4042",25596979,3
"4043",25597383,3
"4044",25597391,3
"4045",25599272,3
"4046",25601905,1
"4047",25605050,3
"4048",25605729,3
"4049",25606160,3
"4050",25608712,3
"4051",25609166,3
"4052",25609218,3
"4053",25609875,4
"4054",25611605,3
"4055",25614603,2
"4056",25614800,3
"4057",25615194,2
"4058",25617000,3
"4059",25617077,3
"4060",25618202,3
"4061",25618930,3
"4062",25619440,3
"4063",25620575,3
"4064",25620679,3
"4065",25621467,3
"4066",25621497,3
"4067",25622668,3
"4068",25623569,2
"4069",25624769,2
"4070",25626388,3
"4071",25630643,2
"4072",25632580,3
"4073",25632838,3
"4074",25633038,3
"4075",25634603,3
"4076",25635612,3
"4077",25640819,4
"4078",25642060,3
"4079",25643869,3
"4080",25645989,3
"4081",25657890,3
"4082",25659830,4
"4083",25665169,3
"4084",25665426,3
"4085",25665768,3
"4086",25665820,3
"4087",25666554,3
"4088",25669633,3
"4089",25672386,3
"4090",25672530,3
"4091",25678828,3
"4092",25681020,3
"4093",25682250,3
"4094",25683859,3
"4095",25684154,3
"4096",25685050,3
"4097",25686219,4
"4098",25686670,3
"4099",25697294,3
"4100",25697591,3
"4101",25697600,3
"4102",25699701,3
"4103",25702460,3
"4104",25710718,3
"4105",25714179,3
"4106",25716394,2
"4107",25717666,1
"4108",25718250,3
"4109",25723813,1
"4110",25723989,3
"4111",25724212,4
"4112",25724266,3
"4113",25726521,1
"4114",25726989,3
"4115",25727126,3
"4116",25727233,3
"4117",25728518,3
"4118",25729375,4
"4119",25736684,3
"4120",25739323,3
"4121",25748674,2
"4122",25753724,3
"4123",25753802,3
"4124",25773497,3
"4125",25775099,3
"4126",25775173,3
"4127",25778828,3
"4128",25783125,4
"4129",25794165,1
"4130",25795210,3
"4131",25797673,3
"4132",25816220,3
"4133",25838972,3
"4134",25846983,3
"4135",25855315,3
"4136",25858076,3
"4137",25859636,3
"4138",25859759,3
"4139",25860443,2
"4140",25860882,2
"4141",25890913,3
"4142",25891047,3
"4143",25891309,3
"4144",25891572,3
"4145",25892454,3
"4146",25894617,3
"4147",25897178,3
"4148",25899560,4
"4149",25901099,3
"4150",25905388,3
"4151",25905389,2
"4152",25905739,1
"4153",25906759,3
"4154",25907318,3
"4155",25913364,2
"4156",25913784,3
"4157",25913860,3
"4158",25919779,3
"4159",25919891,3
"4160",25919900,3
"4161",25920373,3
"4162",25920437,3
"4163",25923896,4
"4164",25927194,3
"4165",25927682,3
"4166",25928273,1
"4167",25930184,1
"4168",25930831,3
"4169",25935616,3
"4170",25940317,3
"4171",25941749,3
"4172",25942397,3
"4173",25943269,3
"4174",25944025,3
"4175",25946288,3
"4176",25946844,3
"4177",25953097,3
"4178",25953236,3
"4179",25956804,1
"4180",25959346,3
"4181",25962554,1
"4182",25962716,3
"4183",25962760,3
"4184",25962846,3
"4185",25966681,3
"4186",25967855,3
"4187",25968040,3
"4188",25971084,3
"4189",25972862,3
"4190",25972916,3
"4191",25975234,3
"4192",25975999,3
"4193",25978288,3
"4194",25979134,3
"4195",25983777,4
"4196",25986044,2
"4197",25986386,3
"4198",25987561,3
"4199",25989205,2
"4200",25991925,3
"4201",25997229,2
"4202",25999888,1
"4203",26004574,3
"4204",26009942,3
"4205",26013776,3
"4206",26014311,3
"4207",26014498,3
"4208",26017709,4
"4209",26019340,3
"4210",26020151,1
"4211",26020168,1
"4212",26020325,3
"4213",26021740,3
"4214",26024302,1
"4215",26025347,3
"4216",26030885,3
"4217",26035485,3
"4218",26038335,3
"4219",26038564,2
"4220",26039033,3
"4221",26039542,3
"4222",26042708,3
"4223",26043424,3
"4224",26045806,3
"4225",26049564,3
"4226",26050224,3
"4227",26050277,3
"4228",26052746,1
"4229",26054788,3
"4230",26055176,3
"4231",26069406,2
"4232",26069485,2
"4233",26069680,3
"4234",26071763,3
"4235",26073250,3
"4236",26075019,3
"4237",26075223,2
"4238",26077736,3
"4239",26080029,3
"4240",26086636,3
"4241",26086641,3
"4242",26087003,2
"4243",26090493,3
"4244",26092970,2
"4245",26095105,3
"4246",26096179,3
"4247",26103034,3
"4248",26103925,3
"4249",26104265,3
"4250",26112799,1
"4251",26113336,3
"4252",26114303,2
"4253",26122812,3
"4254",26122843,3
"4255",26127889,4
"4256",26128060,3
"4257",26129562,3
"4258",26132660,3
"4259",26135002,3
"4260",26138999,3
"4261",26139683,3
"4262",26140996,3
"4263",26142441,3
"4264",26145792,3
"4265",26151852,3
"4266",26152849,3
"4267",26154378,3
"4268",26154779,3
"4269",26154985,2
"4270",26155931,3
"4271",26157599,3
"4272",26158193,3
"4273",26158616,3
"4274",26164077,3
"4275",26165981,3
"4276",26171047,3
"4277",26175502,3
"4278",26176904,3
"4279",26177681,3
"4280",26178479,1
"4281",26179281,2
"4282",26181020,3
"4283",26181802,3
"4284",26182343,4
"4285",26184712,3
"4286",26186288,4
"4287",26186684,3
"4288",26187447,3
"4289",26188036,3
"4290",26188432,3
"4291",26192019,4
"4292",26194624,3
"4293",26200560,3
"4294",26203312,3
"4295",26206898,3
"4296",26209162,1
"4297",26209412,3
"4298",26211566,3
"4299",26213940,3
"4300",26214317,2
"4301",26216104,3
"4302",26216874,3
"4303",26217302,1
"4304",26226255,3
"4305",26226280,2
"4306",26227004,3
"4307",26229866,3
"4308",26233510,3
"4309",26235370,3
"4310",26235396,3
"4311",26236871,2
"4312",26242351,3
"4313",26242500,3
"4314",26244226,3
"4315",26247229,3
"4316",26248320,3
"4317",26248531,3
"4318",26249654,2
"4319",26250840,3
"4320",26251999,3
"4321",26254204,3
"4322",26255714,3
"4323",26257375,3
"4324",26258005,3
"4325",26258161,3
"4326",26263933,3
"4327",26264458,3
"4328",26266883,3
"4329",26269825,1
"4330",26270419,1
"4331",26272461,3
"4332",26272720,3
"4333",26272880,3
"4334",26275711,3
"4335",26276415,1
"4336",26280025,3
"4337",26280188,3
"4338",26282930,3
"4339",26283048,3
"4340",26284433,3
"4341",26288455,3
"4342",26288795,2
"4343",26289048,2
"4344",26294874,3
"4345",26295666,3
"4346",26297141,3
"4347",26297370,3
"4348",26297552,3
"4349",26298088,3
"4350",26298592,3
"4351",26304461,3
"4352",26305532,3
"4353",26307051,3
"4354",26310477,3
"4355",26311413,3
"4356",26311426,3
"4357",26312123,1
"4358",26316997,1
"4359",26319296,1
"4360",26320968,3
"4361",26320975,3
"4362",26321784,3
"4363",26331884,3
"4364",26333656,3
"4365",26335577,3
"4366",26336419,3
"4367",26339702,3
"4368",26357148,2
"4369",26357637,3
"4370",26386122,3
"4371",26388102,2
"4372",26391421,3
"4373",26393323,3
"4374",26394924,3
"4375",26398200,3
"4376",26398672,3
"4377",26402426,3
"4378",26403655,3
"4379",26405563,3
"4380",26411524,3
"4381",26415585,3
"4382",26417167,3
"4383",26420317,3
"4384",26421624,3
"4385",26425733,3
"4386",26426240,3
"4387",26428985,3
"4388",26435689,3
"4389",26437943,3
"4390",26438682,3
"4391",26439939,3
"4392",26449079,3
"4393",26451044,4
"4394",26460167,3
"4395",26460381,1
"4396",26461065,3
"4397",26462338,3
"4398",26464000,3
"4399",26464205,3
"4400",26464252,3
"4401",26469920,3
"4402",26475144,3
"4403",26480882,3
"4404",26481283,1
"4405",26484936,3
"4406",26491051,3
"4407",26491889,3
"4408",26492170,3
"4409",26500383,3
"4410",26504672,3
"4411",26506392,3
"4412",26509165,2
"4413",26512514,3
"4414",26514230,2
"4415",26517746,1
"4416",26520062,1
"4417",26536348,1
"4418",26536387,3
"4419",26537619,1
"4420",26547227,1
"4421",26547321,3
"4422",26548254,3
"4423",26551374,3
"4424",26557624,3
"4425",26560917,3
"4426",26567203,1
"4427",26570593,3
"4428",26572506,3
"4429",26573277,3
"4430",26575270,3
"4431",26579990,4
"4432",26583350,2
"4433",26586915,3
"4434",26594997,3
"4435",26598971,3
"4436",26599257,1
"4437",26603260,3
"4438",26605318,1
"4439",26610719,3
"4440",26613088,1
"4441",26617120,3
"4442",26617195,3
"4443",26618210,2
"4444",26619482,3
"4445",26619555,3
"4446",26621387,3
"4447",26621752,1
"4448",26621966,3
"4449",26623025,3
"4450",26625557,3
"4451",26627111,1
"4452",26627164,3
"4453",26627846,3
"4454",26628838,3
"4455",26629491,3
"4456",26630039,3
"4457",26635023,4
"4458",26640740,2
"4459",26643967,3
"4460",26654478,3
"4461",26654782,3
"4462",26659060,3
"4463",26665384,3
"4464",26668117,3
"4465",26669281,3
"4466",26672387,3
"4467",26672493,3
"4468",26678230,3
"4469",26683319,3
"4470",26683768,3
"4471",26689559,3
"4472",26689796,3
"4473",26694252,3
"4474",26695339,3
"4475",26696007,3
"4476",26699130,1
"4477",26699135,3
"4478",26702295,3
"4479",26703058,3
"4480",26703267,3
"4481",26704522,3
"4482",26709141,4
"4483",26709457,3
"4484",26709491,3
"4485",26712431,3
"4486",26713767,3
"4487",26716861,3
"4488",26722500,3
"4489",26723464,3
"4490",26725947,3
"4491",26727065,4
"4492",26728503,3
"4493",26729061,3
"4494",26730762,3
"4495",26732511,3
"4496",26732889,3
"4497",26741561,3
"4498",26741813,3
"4499",26743829,3
"4500",26745280,3
"4501",26749546,3
"4502",26750591,3
"4503",26754514,3
"4504",26754751,3
"4505",26755085,3
"4506",26761825,3
"4507",26763906,3
"4508",26766544,3
"4509",26775615,2
"4510",26778429,3
"4511",26780012,3
"4512",26780585,3
"4513",26781487,3
"4514",26788358,3
"4515",26793683,3
"4516",26795166,2
"4517",26799149,3
"4518",26802427,2
"4519",26803361,3
"4520",26804889,3
"4521",26805976,3
"4522",26806601,3
"4523",26814488,3
"4524",26817689,3
"4525",26818484,3
"4526",26819089,3
"4527",26826553,3
"4528",26827677,3
"4529",26828099,3
"4530",26829556,3
"4531",26829778,3
"4532",50858893,3
"4533",50858915,3
"4534",50858917,3
"4535",50859074,3
"4536",50859118,3
"4537",50859168,3
"4538",50859183,3
"4539",50859272,3
"4540",50859273,3
"4541",50859307,3
"4542",50859316,3
"4543",50860235,3
"4544",50860417,3
"4545",50860494,3
"4546",50860609,3
"4547",50860642,3
"4548",50860690,3
"4549",50860916,3
"4550",50860918,3
"4551",50860976,3
"4552",50860980,3
"4553",50861059,3
"4554",50861679,3
"4555",50861702,3
"4556",50861713,3
"4557",50861811,3
"4558",50861822,3
"4559",50861826,3
"4560",50861919,3
"4561",50862014,3
"4562",50862073,3
"4563",50862155,3
"4564",50862171,3
"4565",50862230,3
"4566",50862255,3
"4567",50862264,3
"4568",50862265,3
"4569",50862288,3
"4570",50862349,3
"4571",50862385,3
"4572",50863127,3
"4573",50863411,3
"4574",50863438,3
"4575",50863449,3
"4576",50863456,3
"4577",50863490,3
"4578",50863539,3
"4579",50863545,3
"4580",50863546,3
"4581",50863559,3
"4582",50863693,3
"4583",50863707,3
"4584",50863763,3
"4585",50863791,3
"4586",50863797,3
"4587",50863810,3
"4588",50863826,3
"4589",50863836,3
"4590",50863848,3
"4591",50863878,3
"4592",50863920,3
"4593",50864625,3
"4594",50864751,3
"4595",50864854,3
"4596",50864862,3
"4597",50864899,3
"4598",50865016,3
"4599",50865060,3
"4600",50865066,3
"4601",50865218,3
"4602",50865296,3
"4603",50865478,3
"4604",50865510,3
"4605",50865519,3
"4606",50865791,3
"4607",50865851,3
"4608",50865937,3
"4609",50866189,3
"4610",50866228,3
"4611",50866288,3
"4612",50866310,3
"4613",50866498,3
"4614",50866517,3
"4615",50866993,3
"4616",50866995,3
"4617",50867031,3
"4618",50867036,3
"4619",50867164,3
"4620",50867388,3
"4621",50867757,3
"4622",50867848,3
"4623",50867856,3
"4624",50868314,3
"4625",50868325,3
"4626",50868368,3
"4627",50868401,3
"4628",50868404,3
"4629",50868409,3
"4630",50868669,3
"4631",50869051,3
"4632",50869357,3
"4633",50869492,3
"4634",50869545,3
"4635",50869552,3
"4636",50869649,3
"4637",50869656,3
"4638",50869683,3
"4639",50870149,3
"4640",50870259,3
"4641",50870400,3
"4642",50870531,3
"4643",50870602,3
"4644",50870726,3
"4645",50870792,3
"4646",50870957,3
"4647",50871712,3
"4648",50871789,3
"4649",50871844,3
"4650",50871853,3
"4651",50871901,3
"4652",50871978,3
"4653",50871990,3
"4654",50872392,3
"4655",50872673,3
"4656",50872798,3
"4657",50872922,3
"4658",50872953,3
"4659",50873024,3
"4660",50873231,3
"4661",50873353,3
"4662",50873372,3
"4663",50873394,3
"4664",50873460,3
"4665",50873469,3
"4666",50873476,3
"4667",50873512,3
"4668",50873514,3
"4669",50873525,3
"4670",50873566,3
"4671",50873578,3
"4672",50873582,3
"4673",50873600,3
"4674",50874550,3
"4675",50874698,3
"4676",50874784,3
"4677",50874806,3
"4678",50874835,3
"4679",50874858,3
"4680",50874886,3
"4681",50874888,3
"4682",50874967,3
"4683",50874971,3
"4684",50875142,3
"4685",50875499,3
"4686",50875820,3
"4687",50875951,3
"4688",50876154,3
"4689",50876156,3
"4690",50876157,3
"4691",50876201,3
"4692",50876219,3
"4693",50876241,3
"4694",50876316,3
"4695",50876457,3
"4696",50876516,3
"4697",50876544,3
"4698",50876574,3
"4699",50876575,3
"4700",50876585,3
"4701",50876616,3
"4702",50876686,3
"4703",50876724,3
"4704",50876807,3
"4705",50876814,3
"4706",50876905,1
"4707",50876926,3
"4708",50876947,3
"4709",50876975,3
"4710",50877015,3
"4711",50877042,3
"4712",50877086,3
"4713",50877087,3
"4714",50877136,3
"4715",50877138,3
"4716",50877158,3
"4717",50877179,3
"4718",50877320,3
"4719",50877394,3
"4720",50877486,3
"4721",50877534,3
"4722",50877562,3
"4723",50877563,3
"4724",50877617,3
"4725",50877640,3
"4726",50877707,3
"4727",50877806,3
"4728",50877809,3
"4729",50877814,3
"4730",50877822,3
"4731",50877887,3
"4732",50877897,3
"4733",50877950,3
"4734",50877965,3
"4735",50877970,3
"4736",50878019,3
"4737",50878049,3
"4738",50878063,3
"4739",50878079,3
"4740",50878099,3
"4741",50878108,3
"4742",50878116,3
"4743",50878127,3
"4744",50878246,3
"4745",50878250,3
"4746",50878298,3
"4747",50878327,3
"4748",50878334,3
"4749",50878412,3
"4750",50878657,3
"4751",50878798,3
"4752",50878869,3
"4753",50878906,3
"4754",50879333,3
"4755",50879825,3
"4756",50879847,3
"4757",50879937,3
"4758",50879957,3
"4759",50879971,3
"4760",50879989,3
"4761",50879998,3
"4762",50880199,3
"4763",50880252,3
"4764",50880341,3
"4765",50880740,3
"4766",50880782,3
"4767",50880867,3
"4768",50880875,3
"4769",50880968,3
"4770",50880982,3
"4771",50881043,3
"4772",50881238,3
"4773",50881377,3
"4774",50881409,3
"4775",50881499,3
"4776",50881500,3
"4777",50881529,3
"4778",50881553,3
"4779",50881667,3
"4780",50881702,3
"4781",50888381,3
"4782",50888480,3
"4783",50888519,3
"4784",50888606,3
"4785",50888736,3
"4786",50888805,3
"4787",50888833,3
"4788",50888844,3
"4789",50888865,3
"4790",50888881,3
"4791",50888883,3
"4792",50888887,3
"4793",50888916,3
"4794",50888966,3
"4795",50889016,3
"4796",50889020,3
"4797",50889044,3
"4798",50889045,3
"4799",50889046,3
"4800",50889067,3
"4801",50889300,3
"4802",50889467,3
"4803",50889532,3
"4804",50889543,3
"4805",50889575,3
"4806",50889631,3
"4807",50889660,3
"4808",50889684,3
"4809",50889700,3
"4810",50889715,3
"4811",50889728,3
"4812",50889746,3
"4813",50889752,3
"4814",50889801,3
"4815",50889814,3
"4816",50889861,3
"4817",50889923,3
"4818",50889927,3
"4819",50889928,3
"4820",50889943,3
"4821",50889964,3
"4822",50890011,3
"4823",50890137,3
"4824",50890156,3
"4825",50890205,3
"4826",50890255,3
"4827",50890256,3
"4828",50890326,3
"4829",50890343,3
"4830",50890608,3
"4831",50890718,3
"4832",50890724,3
"4833",50890795,3
"4834",50890841,3
"4835",50890875,3
"4836",50891452,3
"4837",50892080,3
"4838",50892107,3
"4839",50894647,3
"4840",50894666,3
"4841",50894785,3
"4842",50894791,3
"4843",50894870,3
"4844",50894919,3
"4845",50894929,3
"4846",50894931,3
"4847",50895081,3
"4848",50895121,3
"4849",50895185,3
"4850",50895200,3
"4851",50895219,3
"4852",50895238,3
"4853",50895254,3
"4854",50895257,3
"4855",50895274,3
"4856",50895279,3
"4857",50895299,3
"4858",50895419,3
"4859",50895466,3
"4860",50895508,3
"4861",50895591,3
"4862",50896975,3
"4863",50897765,3
"4864",50897772,3
"4865",50897774,3
"4866",50897829,3
"4867",50897941,3
"4868",50897999,3
"4869",50898396,3
"4870",50898456,3
"4871",50898461,3
"4872",50898537,3
"4873",50898545,3
"4874",50898551,3
"4875",50898721,3
"4876",50898731,3
"4877",50898743,3
"4878",50898757,3
"4879",50898811,3
"4880",50898927,3
"4881",50898997,3
"4882",50899452,3
"4883",50899501,3
"4884",50899511,3
"4885",50899516,3
"4886",50899533,3
"4887",50899564,3
"4888",50900045,3
"4889",50900089,3
"4890",50900101,3
"4891",50902588,3
"4892",50903353,3
"4893",50903406,3
"4894",50903533,3
"4895",50903560,3
"4896",50903612,3
"4897",50904086,3
"4898",50904127,3
"4899",50904197,3
"4900",50904741,3
"4901",50904835,3
"4902",50904931,3
"4903",50904967,3
"4904",50905143,3
"4905",50905373,3
"4906",50905616,3
"4907",50905662,3
"4908",50905721,3
"4909",50905722,3
"4910",50905872,3
"4911",50905964,3
"4912",50906524,3
"4913",50906626,3
"4914",50908128,3
"4915",50908133,3
"4916",50908158,3
"4917",50908184,3
"4918",50908187,3
"4919",50908205,3
"4920",50908354,3
"4921",50908414,3
"4922",50908592,3
"4923",50908593,3
"4924",50909042,3
"4925",50909045,3
"4926",50909073,3
"4927",50909159,3
"4928",50909162,3
"4929",50909213,3
"4930",50909670,3
"4931",50910502,3
"4932",50912777,3
"4933",50912788,3
"4934",50913696,3
"4935",50913796,3
"4936",50913798,3
"4937",50915694,3
"4938",50917799,3
"4939",50918333,3
"4940",50918348,3
"4941",50918368,3
"4942",50918428,3
"4943",50918461,3
"4944",50918508,3
"4945",50918512,3
"4946",50918774,3
"4947",50918831,3
"4948",50918852,3
"4949",50918855,3
"4950",50918863,3
"4951",50918893,3
"4952",50918907,3
"4953",50918917,3
"4954",50918920,3
"4955",50918933,3
"4956",50918965,3
"4957",50919146,3
"4958",50920636,3
"4959",50923468,3
"4960",50923476,3
"4961",50923489,3
"4962",50923812,3
"4963",50923942,3
"4964",50923947,3
"4965",50924021,3
"4966",50924026,3
"4967",50924031,3
"4968",50924088,3
"4969",50924129,3
"4970",50924158,3
"4971",50924173,3
"4972",50924561,3
"4973",50924568,3
"4974",50924570,3
"4975",50924583,3
"4976",50924605,3
"4977",50924617,3
"4978",50924625,3
"4979",50924731,3
"4980",50924736,3
"4981",50924926,3
"4982",50924929,3
"4983",50924948,3
"4984",50924999,3
"4985",50925019,3
"4986",50925182,3
"4987",50925243,3
"4988",50925251,3
"4989",50925615,3
"4990",50925618,3
"4991",50925753,3
"4992",50925884,3
"4993",50926404,3
"4994",50926473,3
"4995",50926501,3
"4996",50926611,3
"4997",50926620,3
"4998",50928025,3
"4999",50928855,3
"5000",50928992,3
