"","features.fire_fly_id","fit.cluster"
"1",157602,1
"2",163342,1
"3",164038,3
"4",172341,1
"5",186718,3
"6",202085,3
"7",222970,1
"8",249430,1
"9",263422,1
"10",284009,1
"11",295112,3
"12",445409,1
"13",584489,1
"14",586691,1
"15",587257,3
"16",587720,2
"17",588023,1
"18",588103,1
"19",588570,3
"20",588817,1
"21",591589,1
"22",593549,1
"23",595732,3
"24",596728,3
"25",597631,1
"26",599515,3
"27",601268,1
"28",602764,1
"29",606912,2
"30",614148,1
"31",634625,1
"32",637614,1
"33",638866,1
"34",639500,1
"35",646505,1
"36",648409,1
"37",2361483,1
"38",2386543,1
"39",2388932,1
"40",2394169,1
"41",2394994,2
"42",2397084,1
"43",2400082,2
"44",2403751,3
"45",2420606,1
"46",2423488,1
"47",2435362,3
"48",2437974,1
"49",2444124,1
"50",2464248,1
"51",2470105,1
"52",2474781,3
"53",2479826,1
"54",2480960,3
"55",2483323,1
"56",2490732,1
"57",2494201,1
"58",2511770,1
"59",2513569,3
"60",2524238,1
"61",2528788,3
"62",2537533,1
"63",2538923,1
"64",2541061,1
"65",2547093,1
"66",2550216,1
"67",2550733,3
"68",2554287,3
"69",2561437,1
"70",2601448,3
"71",2603094,3
"72",2606287,1
"73",2606601,2
"74",2607294,1
"75",2611706,3
"76",2621764,1
"77",2629405,1
"78",2630258,1
"79",2638702,1
"80",2639125,1
"81",2642052,3
"82",2650872,1
"83",2653307,3
"84",2660604,1
"85",2672800,1
"86",2685312,1
"87",2685503,2
"88",2687404,1
"89",2688060,1
"90",2692656,1
"91",2693121,1
"92",2695914,1
"93",2696336,1
"94",2698184,3
"95",2700683,1
"96",2701734,1
"97",2702483,1
"98",2702865,1
"99",2704708,1
"100",2707029,1
"101",2710940,1
"102",2712607,1
"103",2725581,3
"104",2732435,1
"105",2733541,1
"106",2734627,1
"107",2735876,3
"108",2756368,3
"109",2758674,1
"110",2765622,1
"111",2770543,3
"112",2776045,1
"113",2778618,1
"114",2786821,1
"115",2792078,3
"116",2806513,3
"117",2811929,1
"118",2814943,3
"119",2821276,1
"120",2821675,3
"121",2834446,1
"122",2834990,1
"123",2853377,1
"124",2855340,1
"125",2865352,1
"126",2869006,3
"127",2873980,1
"128",2875288,1
"129",2875498,2
"130",2875814,2
"131",2877060,3
"132",2878031,1
"133",2878485,1
"134",2880996,1
"135",2885121,1
"136",2892953,1
"137",2902537,3
"138",2908577,1
"139",2916407,1
"140",2944976,1
"141",2953589,1
"142",2953991,1
"143",2958764,1
"144",2965416,1
"145",2966771,1
"146",2969646,1
"147",2970610,1
"148",2986148,1
"149",2986923,1
"150",2996511,1
"151",3008370,1
"152",3012151,1
"153",3012376,1
"154",3016748,3
"155",3018651,1
"156",3021451,1
"157",3028843,3
"158",3034002,3
"159",3035612,1
"160",3036403,3
"161",3064824,3
"162",3065097,1
"163",3067510,1
"164",3088933,1
"165",3090320,3
"166",3105488,1
"167",3112401,1
"168",3145943,1
"169",3149644,3
"170",3150918,1
"171",3151121,3
"172",3152213,1
"173",3152947,1
"174",3152986,3
"175",3153062,1
"176",3153429,1
"177",3153597,3
"178",3155230,2
"179",3155295,3
"180",3155398,2
"181",3155555,2
"182",3155560,1
"183",3155581,2
"184",3155623,2
"185",3155705,3
"186",3155718,2
"187",3155731,2
"188",3155777,1
"189",3155850,1
"190",3160086,1
"191",3160339,1
"192",3160445,2
"193",3160477,3
"194",3160512,1
"195",3160561,3
"196",3160706,3
"197",3160755,3
"198",3160763,2
"199",3160805,2
"200",3160816,3
"201",3160845,3
"202",3160892,3
"203",3161220,2
"204",3161349,2
"205",3161355,2
"206",3161375,2
"207",3161401,1
"208",3161412,3
"209",3161416,3
"210",3161595,3
"211",3161707,2
"212",3161713,2
"213",3161833,1
"214",3162002,2
"215",3162050,3
"216",3162129,2
"217",3162203,3
"218",3162213,3
"219",3162244,2
"220",3162261,2
"221",3162347,3
"222",3162357,1
"223",3162358,2
"224",3162376,3
"225",3162413,3
"226",3162416,1
"227",3162432,2
"228",3162486,3
"229",3162504,2
"230",3162551,3
"231",3162625,2
"232",3162686,2
"233",3162706,1
"234",3162731,2
"235",3162773,2
"236",3162807,3
"237",3162856,1
"238",3162894,2
"239",3162933,3
"240",3162981,2
"241",3163064,3
"242",3163085,2
"243",3163135,2
"244",3163136,1
"245",3163345,3
"246",3163496,2
"247",3163541,3
"248",3163622,1
"249",3163666,3
"250",3163789,2
"251",3163897,2
"252",3163930,2
"253",3163988,3
"254",3164032,3
"255",3164061,3
"256",3164165,1
"257",3164171,3
"258",3164303,2
"259",3164304,2
"260",3164343,1
"261",3164391,3
"262",3164410,2
"263",3164507,2
"264",3164628,2
"265",3164758,2
"266",3164787,2
"267",3164799,2
"268",3164904,2
"269",3165041,2
"270",3165086,3
"271",3165112,3
"272",3165291,3
"273",3165325,3
"274",3165336,3
"275",3165344,3
"276",3165397,2
"277",3165416,3
"278",3165421,2
"279",3165554,1
"280",3165618,2
"281",3165696,3
"282",3165721,3
"283",3165736,3
"284",3165752,1
"285",3165848,1
"286",3166029,2
"287",3166046,3
"288",3166212,1
"289",3166219,2
"290",3166222,1
"291",3166338,1
"292",3166462,3
"293",3166537,3
"294",3166569,2
"295",3166692,2
"296",3166912,3
"297",3166991,2
"298",3167030,3
"299",3167138,2
"300",3167180,2
"301",3167234,3
"302",3167244,3
"303",3167333,3
"304",3167335,2
"305",3167379,2
"306",3167557,2
"307",3167681,2
"308",3167753,2
"309",3167931,1
"310",3168004,3
"311",3168240,3
"312",3168247,1
"313",3168292,1
"314",3168340,3
"315",3168407,1
"316",3168471,2
"317",3168601,2
"318",3168661,3
"319",3168734,2
"320",3168765,2
"321",3168794,2
"322",3168950,3
"323",3168995,3
"324",3169136,2
"325",3169357,1
"326",3169361,3
"327",3169564,3
"328",3169567,3
"329",3169617,2
"330",3169718,2
"331",3169764,1
"332",3169993,2
"333",3170183,2
"334",3170225,3
"335",3170257,3
"336",3170370,3
"337",3170416,2
"338",3170471,2
"339",3170560,3
"340",3170565,3
"341",3170696,2
"342",3170726,2
"343",3170734,2
"344",3170745,3
"345",3170918,3
"346",3170950,3
"347",3170961,2
"348",3171122,2
"349",3171170,2
"350",3171205,2
"351",3171207,3
"352",3171418,2
"353",3171598,2
"354",3171659,1
"355",3171686,3
"356",3171721,2
"357",3171883,2
"358",3171910,3
"359",3171924,3
"360",3171935,3
"361",3171992,2
"362",3172036,3
"363",3172141,2
"364",3172208,1
"365",3172377,3
"366",3172699,2
"367",3172789,2
"368",3172812,2
"369",3172832,3
"370",3172864,2
"371",3172929,3
"372",3172951,2
"373",3173151,3
"374",3173307,1
"375",3173405,1
"376",3173543,2
"377",3173603,2
"378",3173811,2
"379",3173852,2
"380",3173880,3
"381",3173929,2
"382",3173980,3
"383",3174037,3
"384",3174457,1
"385",3174488,1
"386",3174635,2
"387",3174711,3
"388",3174755,2
"389",3174781,1
"390",3174844,3
"391",3174965,1
"392",3174992,1
"393",3175032,2
"394",3175036,2
"395",3175072,1
"396",3175110,3
"397",3175154,3
"398",3175214,3
"399",3175242,1
"400",3175528,2
"401",3175580,2
"402",3175583,2
"403",3175695,1
"404",3175705,2
"405",3175864,2
"406",3175937,2
"407",3176032,2
"408",3176115,3
"409",3176230,1
"410",3176250,2
"411",3176449,3
"412",3176457,3
"413",3176477,3
"414",3176673,3
"415",3176702,2
"416",3177052,2
"417",3177105,3
"418",3177167,1
"419",3177183,2
"420",3177196,1
"421",3177222,3
"422",3177326,3
"423",3177388,2
"424",3177411,1
"425",3177414,3
"426",3177531,3
"427",3177577,2
"428",3177693,3
"429",3177748,3
"430",3177750,2
"431",3177919,2
"432",3178155,2
"433",3178565,3
"434",3178584,3
"435",3178612,2
"436",3178666,2
"437",3178681,2
"438",3178684,3
"439",3178729,1
"440",3178863,2
"441",3178954,3
"442",3179015,2
"443",3179019,3
"444",3179040,3
"445",3179287,2
"446",3179598,2
"447",3179604,2
"448",3179658,2
"449",3179775,2
"450",3179918,3
"451",3179956,1
"452",3179991,2
"453",3180038,3
"454",3180060,2
"455",3180125,1
"456",3180136,2
"457",3180230,3
"458",3180315,2
"459",3180360,3
"460",3180475,3
"461",3180650,2
"462",3180654,2
"463",3180670,3
"464",3180682,3
"465",3180726,1
"466",3180973,1
"467",3180977,3
"468",3181193,3
"469",3181344,2
"470",3181360,3
"471",3181374,3
"472",3181432,1
"473",3181460,2
"474",3181476,1
"475",3181589,3
"476",3181751,3
"477",3181770,3
"478",3181858,3
"479",3181911,2
"480",3182111,2
"481",3182124,2
"482",3182155,2
"483",3182301,3
"484",3182378,1
"485",3182398,3
"486",3182415,2
"487",3182547,2
"488",3182566,1
"489",3182736,3
"490",3182907,2
"491",3182918,2
"492",3182991,2
"493",3183115,2
"494",3183250,2
"495",3187146,1
"496",3187242,3
"497",3187334,2
"498",3187371,3
"499",3187655,3
"500",3187732,3
"501",3187830,2
"502",3188109,1
"503",3188126,1
"504",3188213,2
"505",3188474,1
"506",3188520,3
"507",3188575,2
"508",3188955,3
"509",3189034,1
"510",3189153,3
"511",3189205,2
"512",3189217,3
"513",3189218,2
"514",3189490,2
"515",3189499,3
"516",3189630,1
"517",3189637,3
"518",3189723,2
"519",3189759,3
"520",3189806,1
"521",3189820,1
"522",3189931,2
"523",3189934,2
"524",3189935,2
"525",3189945,2
"526",3189954,1
"527",3190032,2
"528",3190070,2
"529",3190087,1
"530",3190178,2
"531",3190210,2
"532",3190394,3
"533",3190408,3
"534",3190508,1
"535",3190770,1
"536",3190925,3
"537",3190952,2
"538",3190993,2
"539",3191055,1
"540",3191398,2
"541",3191442,2
"542",3191702,3
"543",3191875,3
"544",3191879,3
"545",3191898,2
"546",3191967,3
"547",3192047,2
"548",3192067,1
"549",3192081,2
"550",3192161,3
"551",3192433,3
"552",3192447,3
"553",3192670,2
"554",3192726,2
"555",3192817,1
"556",3193039,3
"557",3193145,2
"558",3193328,2
"559",3193523,3
"560",3193560,2
"561",3193824,2
"562",3193852,1
"563",3193979,2
"564",3194130,3
"565",3194134,1
"566",3194310,3
"567",3194489,1
"568",3194761,2
"569",3194813,1
"570",3194822,3
"571",3194830,2
"572",3194972,3
"573",3195201,2
"574",3195358,3
"575",3195456,2
"576",3195901,2
"577",3196141,1
"578",3196432,3
"579",3196467,1
"580",3196509,2
"581",3196554,2
"582",3196644,2
"583",3196733,2
"584",3196738,1
"585",3197059,2
"586",3197121,2
"587",3197152,3
"588",3197224,2
"589",3197503,2
"590",3197599,2
"591",3198276,2
"592",3198502,2
"593",3198626,1
"594",3198693,2
"595",3198766,2
"596",3199121,2
"597",3199129,3
"598",3199151,3
"599",3199188,3
"600",3199338,2
"601",3199528,3
"602",3200026,2
"603",3200234,3
"604",3200380,1
"605",3200729,2
"606",3200831,2
"607",3201085,3
"608",3201356,1
"609",3201743,3
"610",3202104,2
"611",3202145,2
"612",3202426,2
"613",3202428,2
"614",3202496,3
"615",3202645,1
"616",3202882,1
"617",3203044,3
"618",3203059,2
"619",3203207,1
"620",3203234,2
"621",3203456,3
"622",3203510,1
"623",3203519,2
"624",3203621,2
"625",3203864,2
"626",3203932,2
"627",3204100,1
"628",3204250,3
"629",3204644,1
"630",3205013,2
"631",3205133,2
"632",3205340,2
"633",3205416,3
"634",3205477,2
"635",3205545,1
"636",3205879,2
"637",3206105,2
"638",3206182,3
"639",3206249,2
"640",3206383,1
"641",3206591,3
"642",3206635,2
"643",3206695,3
"644",3207083,2
"645",3207130,2
"646",3207254,2
"647",3207528,2
"648",3215375,1
"649",3215454,3
"650",3215701,1
"651",3216050,3
"652",3216207,1
"653",3216253,2
"654",3216257,1
"655",3216260,3
"656",3216653,3
"657",3217024,2
"658",3217148,3
"659",3217297,3
"660",3217409,1
"661",3217419,1
"662",3217864,3
"663",3217899,3
"664",3218041,2
"665",3218284,3
"666",3218342,3
"667",3218442,3
"668",3219221,3
"669",3219280,2
"670",3219374,2
"671",3219423,2
"672",3223311,1
"673",3223707,2
"674",3223772,1
"675",3224275,3
"676",3224843,2
"677",3225494,2
"678",3225676,2
"679",3228137,2
"680",3230030,2
"681",3230199,2
"682",3235216,2
"683",3238043,3
"684",3238187,1
"685",3241277,3
"686",3241561,3
"687",3241602,3
"688",3241619,2
"689",3241755,3
"690",3242073,1
"691",3242111,3
"692",3242340,2
"693",3242481,1
"694",3242513,1
"695",3242598,1
"696",3242755,2
"697",3243351,1
"698",3243673,3
"699",3243713,3
"700",3243922,3
"701",3243934,3
"702",3244354,1
"703",3244508,2
"704",3244649,2
"705",3244714,3
"706",3244854,3
"707",3245114,1
"708",3245392,2
"709",3245673,1
"710",3245807,3
"711",3245945,3
"712",3245977,3
"713",3246243,2
"714",3246513,3
"715",3246528,2
"716",3246574,1
"717",3247077,2
"718",3247086,3
"719",3247282,3
"720",3247381,1
"721",3247482,2
"722",3247674,1
"723",3248189,1
"724",3248257,2
"725",3248262,1
"726",3248483,3
"727",3248577,2
"728",3248715,3
"729",3249196,3
"730",3249317,2
"731",3249411,2
"732",3249448,3
"733",3249819,2
"734",3249902,3
"735",3250039,1
"736",3250212,2
"737",3250414,3
"738",3250463,2
"739",3250952,3
"740",3251166,3
"741",3251409,3
"742",3251633,2
"743",3251871,3
"744",3251977,3
"745",3251993,3
"746",3252110,1
"747",3252811,2
"748",3253197,3
"749",3253657,3
"750",3253658,3
"751",3253672,3
"752",3253691,3
"753",3253768,2
"754",3254236,3
"755",3254570,3
"756",3254615,1
"757",3254721,3
"758",3254741,1
"759",3254767,1
"760",3255070,3
"761",3255081,2
"762",3255424,3
"763",3255444,2
"764",3255558,2
"765",3255612,2
"766",3255779,2
"767",3255928,2
"768",3255973,2
"769",3256074,3
"770",3256680,3
"771",3257101,3
"772",3257571,1
"773",3257621,3
"774",3257711,3
"775",3259140,2
"776",3259492,1
"777",3259699,3
"778",3260234,3
"779",3260764,2
"780",3261325,3
"781",3261338,2
"782",3261687,2
"783",3261940,2
"784",3262141,2
"785",3262190,2
"786",3262664,2
"787",3262736,3
"788",3262746,2
"789",3263127,3
"790",3263188,3
"791",3263640,2
"792",3263917,2
"793",3264584,1
"794",3264768,3
"795",3264850,2
"796",3264902,2
"797",3265506,1
"798",3265538,3
"799",3265692,3
"800",3266027,2
"801",3266224,3
"802",3266310,2
"803",3266402,2
"804",3266739,1
"805",3267100,2
"806",3267235,3
"807",3268083,3
"808",3268569,3
"809",3268664,3
"810",3268753,1
"811",3269672,2
"812",3270846,3
"813",3270986,1
"814",3271458,3
"815",3271557,1
"816",3271601,2
"817",3271616,3
"818",3273195,3
"819",3273230,3
"820",3273479,1
"821",3273998,2
"822",3274465,3
"823",3275482,3
"824",3275783,1
"825",3276079,2
"826",3276092,3
"827",3276393,2
"828",3276410,2
"829",3276988,2
"830",3277137,3
"831",3277290,2
"832",3277979,3
"833",3278053,1
"834",3278062,3
"835",3278234,3
"836",3278244,3
"837",3278456,1
"838",3278765,3
"839",3278844,3
"840",3278877,3
"841",3278887,3
"842",3278911,2
"843",3278917,2
"844",3279084,2
"845",3279807,3
"846",3280066,1
"847",3280218,2
"848",3280291,3
"849",3280320,1
"850",3280471,2
"851",3280747,3
"852",3280886,1
"853",3281016,3
"854",3281543,3
"855",3282433,3
"856",3283415,2
"857",3284005,1
"858",3284110,1
"859",3284144,1
"860",3284181,1
"861",3284259,3
"862",3284311,2
"863",3285285,1
"864",3285439,2
"865",3285668,3
"866",3286712,1
"867",3287210,2
"868",3289338,2
"869",3289854,2
"870",3290218,3
"871",3290313,2
"872",3291370,1
"873",3291604,3
"874",3292546,1
"875",3293244,3
"876",3293663,3
"877",3294687,2
"878",3295263,2
"879",3295659,1
"880",3295732,1
"881",3296463,2
"882",3296545,3
"883",3297475,2
"884",3297691,3
"885",3298013,2
"886",3298402,3
"887",3298551,2
"888",3298759,3
"889",3298848,3
"890",3298992,2
"891",3299377,3
"892",3299628,2
"893",3299742,3
"894",3300770,2
"895",3301012,2
"896",3301105,3
"897",3302019,3
"898",3302022,2
"899",3302367,2
"900",3302749,3
"901",3302763,1
"902",3303320,3
"903",3304826,3
"904",3304924,2
"905",3306439,2
"906",3306726,2
"907",3308313,3
"908",3309625,3
"909",3309773,1
"910",3309910,3
"911",3311292,2
"912",3311797,2
"913",3312179,3
"914",3312404,2
"915",3312903,1
"916",3313072,1
"917",3313421,1
"918",3313772,3
"919",3313790,2
"920",3313970,1
"921",3314035,1
"922",3315392,3
"923",3315561,3
"924",3316603,1
"925",3316736,3
"926",3316805,1
"927",3317224,2
"928",3318538,2
"929",3323166,3
"930",3323446,3
"931",3323459,3
"932",3325014,2
"933",3325556,2
"934",3328127,1
"935",3328146,3
"936",3328219,2
"937",3328803,1
"938",3329218,2
"939",3329264,3
"940",3329887,1
"941",3331128,3
"942",3331198,1
"943",3331300,3
"944",3331479,2
"945",3333317,1
"946",3333366,3
"947",3333904,1
"948",3334204,2
"949",3334556,2
"950",3335158,2
"951",3335346,1
"952",3335467,2
"953",3335972,2
"954",3336140,3
"955",3337118,1
"956",3337217,2
"957",3338244,1
"958",3338596,2
"959",3339147,2
"960",3339208,3
"961",3340213,2
"962",3340247,2
"963",3340274,3
"964",3341058,3
"965",3341236,3
"966",3341372,2
"967",3341411,3
"968",3343195,1
"969",3343228,3
"970",3343397,3
"971",3343709,1
"972",3348251,2
"973",3349092,2
"974",3349583,1
"975",3350980,3
"976",3351147,3
"977",3351390,2
"978",3353724,2
"979",3353996,2
"980",3354792,3
"981",3354985,2
"982",3355019,2
"983",3356039,2
"984",3356331,2
"985",3356746,3
"986",3356769,1
"987",3356790,1
"988",3357089,2
"989",3357334,2
"990",3357343,1
"991",3357388,2
"992",3357527,2
"993",3358400,3
"994",3359325,2
"995",3368008,3
"996",3379130,3
"997",3380530,2
"998",3380615,3
"999",3380665,3
"1000",3381575,3
"1001",3381831,2
"1002",3382374,1
"1003",3384526,3
"1004",3384827,2
"1005",3384838,2
"1006",3386420,1
"1007",3387268,2
"1008",3389118,3
"1009",3389266,2
"1010",3390092,1
"1011",3390400,2
"1012",3390540,3
"1013",3390904,1
"1014",3391624,2
"1015",3392036,2
"1016",3393829,1
"1017",3396482,1
"1018",3397924,3
"1019",3398456,3
"1020",3399833,2
"1021",3399916,3
"1022",3400000,3
"1023",3400156,3
"1024",3400508,3
"1025",3402038,2
"1026",3402232,3
"1027",3402359,3
"1028",3402662,3
"1029",3402742,3
"1030",3403531,3
"1031",3403561,3
"1032",3403653,3
"1033",3403734,1
"1034",3404051,2
"1035",3404266,3
"1036",3404476,2
"1037",3404948,3
"1038",3407302,1
"1039",3407873,3
"1040",3412184,2
"1041",3412257,2
"1042",3413105,2
"1043",3414461,2
"1044",3415096,3
"1045",3415322,1
"1046",3418823,1
"1047",3418829,3
"1048",3419553,1
"1049",3422204,3
"1050",3422680,2
"1051",3422745,2
"1052",3422858,3
"1053",3422893,1
"1054",3422941,1
"1055",3423040,2
"1056",3423580,1
"1057",3423705,1
"1058",3424193,3
"1059",3424677,2
"1060",3426153,3
"1061",3427010,1
"1062",3427063,2
"1063",3427116,3
"1064",3427187,3
"1065",3428208,2
"1066",3428267,1
"1067",3428324,1
"1068",3428743,3
"1069",3428928,2
"1070",3431086,3
"1071",3431201,3
"1072",3431447,2
"1073",3431639,3
"1074",3432285,2
"1075",3433484,1
"1076",3433877,3
"1077",3434557,3
"1078",3434812,1
"1079",3434913,2
"1080",3435106,3
"1081",3435741,1
"1082",3435999,1
"1083",3440137,3
"1084",3441167,1
"1085",3443602,3
"1086",3444026,3
"1087",3445604,1
"1088",3447039,2
"1089",3449193,3
"1090",3449711,1
"1091",3449730,1
"1092",3449846,3
"1093",3449882,2
"1094",3450247,1
"1095",3451242,1
"1096",3451256,1
"1097",3451267,3
"1098",3451475,3
"1099",3452884,1
"1100",3455164,2
"1101",3456387,3
"1102",3457252,2
"1103",3460100,3
"1104",3460753,3
"1105",3460921,1
"1106",3462174,3
"1107",3462473,3
"1108",3463540,3
"1109",3463701,1
"1110",3463916,1
"1111",3464225,2
"1112",3465255,2
"1113",3465490,3
"1114",3466353,2
"1115",3467300,1
"1116",3467749,3
"1117",3468510,1
"1118",3471079,2
"1119",3472153,3
"1120",3472407,3
"1121",3472453,1
"1122",3472990,3
"1123",3475865,3
"1124",3475920,2
"1125",3478588,1
"1126",3478681,3
"1127",3478712,3
"1128",3481783,3
"1129",3485306,1
"1130",3485534,3
"1131",3486151,3
"1132",3486399,3
"1133",3487975,3
"1134",3489575,2
"1135",3490387,2
"1136",3492606,2
"1137",3492666,2
"1138",3493433,1
"1139",3493459,1
"1140",3493525,1
"1141",3496477,2
"1142",3497085,2
"1143",3497404,3
"1144",3497470,2
"1145",3498540,2
"1146",3498688,2
"1147",3500871,2
"1148",3500983,3
"1149",3501160,3
"1150",3502624,3
"1151",3503581,3
"1152",3503805,2
"1153",3503914,3
"1154",3504297,3
"1155",3513165,1
"1156",3513417,2
"1157",3513549,1
"1158",3516661,2
"1159",3517001,2
"1160",3517363,2
"1161",3517408,3
"1162",3518138,2
"1163",3519595,3
"1164",3520460,3
"1165",3521182,3
"1166",3522056,3
"1167",3522630,1
"1168",3522741,3
"1169",3523490,3
"1170",3526403,2
"1171",3527388,2
"1172",3527869,1
"1173",3528223,2
"1174",3528398,3
"1175",3529108,2
"1176",3529229,2
"1177",3530963,2
"1178",3531668,3
"1179",3532288,2
"1180",3533479,3
"1181",3534457,1
"1182",3534656,3
"1183",3534980,2
"1184",3535181,2
"1185",3536714,1
"1186",3537289,1
"1187",3537836,3
"1188",3538124,3
"1189",3538175,1
"1190",3538257,1
"1191",3538360,3
"1192",3538849,1
"1193",3539550,3
"1194",3539693,2
"1195",3540280,2
"1196",3540514,2
"1197",3685203,3
"1198",3689090,2
"1199",3690160,2
"1200",3703726,1
"1201",3705099,2
"1202",3708091,2
"1203",3708380,2
"1204",3708639,2
"1205",3709591,3
"1206",3710083,1
"1207",3711794,3
"1208",3711835,1
"1209",3712743,2
"1210",3713201,3
"1211",3714023,1
"1212",3717790,2
"1213",3719297,3
"1214",3719326,3
"1215",3719789,3
"1216",3722498,2
"1217",3722746,1
"1218",3724187,2
"1219",3724397,3
"1220",3725430,3
"1221",3727775,2
"1222",3727778,1
"1223",3729440,2
"1224",3730038,1
"1225",3730828,3
"1226",3731424,1
"1227",3731550,2
"1228",3731931,1
"1229",3733286,1
"1230",3735949,1
"1231",3737807,1
"1232",3739172,1
"1233",3739289,3
"1234",3743271,2
"1235",3744217,2
"1236",3744591,2
"1237",3745328,2
"1238",3745396,2
"1239",3747760,2
"1240",3747790,3
"1241",3747990,1
"1242",3750182,1
"1243",3750509,2
"1244",3751259,3
"1245",3752819,3
"1246",3757631,3
"1247",3930409,3
"1248",3930897,2
"1249",3930973,2
"1250",3932609,1
"1251",3933360,2
"1252",3936271,3
"1253",3936514,2
"1254",3938046,2
"1255",3938355,1
"1256",3942850,2
"1257",3952406,3
"1258",3953769,3
"1259",3953833,3
"1260",3954457,3
"1261",3954646,1
"1262",3956940,3
"1263",3957239,2
"1264",3957722,3
"1265",3965741,1
"1266",3968014,3
"1267",3969608,3
"1268",3969652,3
"1269",3972113,3
"1270",3972881,2
"1271",3972998,3
"1272",3973220,3
"1273",3973399,3
"1274",3973751,1
"1275",3974894,1
"1276",3975774,2
"1277",3976312,3
"1278",3977166,2
"1279",3977275,3
"1280",3977377,3
"1281",3978050,3
"1282",3978716,3
"1283",3978959,1
"1284",3979678,2
"1285",3979705,3
"1286",3980577,3
"1287",3981024,2
"1288",3981047,3
"1289",3981494,1
"1290",3981542,2
"1291",3982258,3
"1292",3982520,2
"1293",3982536,2
"1294",3982751,3
"1295",3983284,3
"1296",3983649,3
"1297",3983711,2
"1298",3983784,3
"1299",3984028,3
"1300",3984170,3
"1301",3984309,3
"1302",3984477,3
"1303",3984528,2
"1304",3984613,3
"1305",3984727,3
"1306",3984731,2
"1307",3984987,2
"1308",3985000,3
"1309",3985092,1
"1310",3985122,3
"1311",3985143,2
"1312",3986644,2
"1313",3986658,2
"1314",3986767,2
"1315",3987039,3
"1316",3987395,3
"1317",3987463,3
"1318",3988127,3
"1319",3988187,3
"1320",3988362,3
"1321",3988408,2
"1322",3988697,3
"1323",3989169,2
"1324",3989576,3
"1325",3990715,1
"1326",3990918,3
"1327",3991445,3
"1328",3992627,2
"1329",3992999,3
"1330",3993692,1
"1331",3993697,2
"1332",3995848,1
"1333",3996952,1
"1334",3997689,1
"1335",3998417,3
"1336",3998895,3
"1337",3999083,3
"1338",3999250,2
"1339",3999816,3
"1340",3999847,3
"1341",3999849,3
"1342",3999879,3
"1343",4000412,3
"1344",4001460,3
"1345",4002094,2
"1346",4002900,1
"1347",4003190,1
"1348",4004278,3
"1349",4005596,2
"1350",4005760,3
"1351",4005814,3
"1352",4006142,3
"1353",4006833,2
"1354",4007499,3
"1355",4008262,3
"1356",4011139,1
"1357",4011452,3
"1358",4012315,3
"1359",4012931,1
"1360",4014644,2
"1361",4015373,3
"1362",4019735,3
"1363",4019919,3
"1364",4020168,3
"1365",4020702,3
"1366",4020844,1
"1367",4023744,3
"1368",4024465,2
"1369",4026371,3
"1370",4026589,1
"1371",4026947,3
"1372",4027138,3
"1373",4027172,2
"1374",4027244,3
"1375",4027374,1
"1376",4028872,2
"1377",4030233,2
"1378",4032018,1
"1379",4032309,3
"1380",4032433,3
"1381",4033124,3
"1382",4033410,3
"1383",4033530,1
"1384",4033775,2
"1385",4033863,2
"1386",4034166,3
"1387",4034243,1
"1388",4035144,2
"1389",4035295,3
"1390",4035658,2
"1391",4036088,2
"1392",4039402,3
"1393",4039516,2
"1394",4039929,1
"1395",4039962,2
"1396",4040379,3
"1397",4040609,3
"1398",4041488,3
"1399",4042703,2
"1400",4044226,3
"1401",4044643,2
"1402",4045089,2
"1403",4045278,3
"1404",4045633,3
"1405",4045849,3
"1406",4046029,1
"1407",4048098,3
"1408",4048843,1
"1409",4049116,2
"1410",4049287,2
"1411",4049450,3
"1412",4050145,1
"1413",4050865,3
"1414",4053762,2
"1415",4054178,2
"1416",4055690,3
"1417",4055778,1
"1418",4057217,1
"1419",4058608,3
"1420",4061777,2
"1421",4062140,3
"1422",4062843,3
"1423",4065750,1
"1424",4066940,1
"1425",4068359,1
"1426",4068475,3
"1427",4069295,2
"1428",4069791,1
"1429",4070552,1
"1430",4071677,1
"1431",4072309,3
"1432",4072504,1
"1433",4075245,3
"1434",4075684,1
"1435",4076109,2
"1436",4076434,1
"1437",4076465,1
"1438",4078492,3
"1439",4079597,1
"1440",4079795,1
"1441",4079939,2
"1442",4081298,1
"1443",4081955,3
"1444",4083170,3
"1445",4084722,2
"1446",4085600,3
"1447",4085864,2
"1448",4087841,3
"1449",4088946,1
"1450",4090865,3
"1451",4092213,2
"1452",4094631,3
"1453",4094769,2
"1454",4096213,2
"1455",4101588,1
"1456",4101824,2
"1457",4102719,1
"1458",4103646,3
"1459",4104302,3
"1460",4106467,3
"1461",4461632,2
"1462",4461867,3
"1463",4462224,2
"1464",4462385,3
"1465",4463489,1
"1466",4463659,2
"1467",4464098,3
"1468",4471518,3
"1469",4474983,2
"1470",4476015,3
"1471",4476297,3
"1472",4477593,3
"1473",4481305,1
"1474",4481430,2
"1475",4484214,3
"1476",4485519,2
"1477",4486656,2
"1478",4486849,3
"1479",4488308,3
"1480",4488840,1
"1481",4489968,2
"1482",4490602,3
"1483",4639350,2
"1484",4640054,2
"1485",4640122,3
"1486",4640852,3
"1487",4641627,3
"1488",4643243,2
"1489",4644188,1
"1490",4645941,1
"1491",4646171,3
"1492",4646813,1
"1493",4649237,3
"1494",4649807,3
"1495",4652019,1
"1496",4652175,3
"1497",4652900,3
"1498",4653869,3
"1499",4657003,3
"1500",4657227,2
"1501",4661291,1
"1502",4662875,3
"1503",4671233,3
"1504",4671623,3
"1505",4673263,3
"1506",4673694,1
"1507",4673950,1
"1508",4674756,1
"1509",4675644,3
"1510",4675853,3
"1511",4676548,3
"1512",4685578,1
"1513",4685896,3
"1514",4687201,1
"1515",4687369,1
"1516",4689068,3
"1517",4689228,1
"1518",4689237,2
"1519",4689929,3
"1520",4691147,1
"1521",4692581,1
"1522",4694813,3
"1523",4695198,1
"1524",4695693,1
"1525",4697908,1
"1526",4697961,3
"1527",4698397,2
"1528",4698689,3
"1529",4698700,3
"1530",4699809,3
"1531",4699830,2
"1532",4700306,3
"1533",4700399,1
"1534",4700648,3
"1535",4700937,3
"1536",4701058,2
"1537",4701660,3
"1538",4701674,3
"1539",4702055,2
"1540",4702242,3
"1541",4703066,3
"1542",4704217,1
"1543",4705425,2
"1544",4705543,2
"1545",4706780,2
"1546",4707475,3
"1547",4707627,3
"1548",4710060,3
"1549",4710635,1
"1550",4711362,1
"1551",4711581,2
"1552",4712437,3
"1553",4712665,2
"1554",4712715,2
"1555",4713008,1
"1556",4713176,1
"1557",4713668,2
"1558",4713966,2
"1559",4714274,1
"1560",4714565,3
"1561",4716915,3
"1562",4717017,3
"1563",4717513,2
"1564",4718915,2
"1565",4719208,1
"1566",4720076,1
"1567",4721263,1
"1568",4721659,2
"1569",4722473,3
"1570",4725864,3
"1571",4726087,1
"1572",4726477,3
"1573",4726708,3
"1574",4730620,3
"1575",4730683,2
"1576",4731886,2
"1577",4732090,2
"1578",4732132,3
"1579",4732473,3
"1580",4733822,1
"1581",4734249,3
"1582",4735331,2
"1583",4737531,3
"1584",4739221,1
"1585",4739910,1
"1586",4741864,3
"1587",4744890,1
"1588",4745205,1
"1589",4745370,3
"1590",4747370,1
"1591",4747635,3
"1592",4749014,2
"1593",4751012,3
"1594",4752132,3
"1595",4752389,1
"1596",4756004,1
"1597",4761643,1
"1598",4762586,1
"1599",4763249,2
"1600",4763555,2
"1601",4763638,3
"1602",4765406,2
"1603",4771210,3
"1604",4775206,3
"1605",4776582,1
"1606",4777287,3
"1607",4777735,2
"1608",4779033,3
"1609",4779483,3
"1610",4787105,3
"1611",4787575,2
"1612",4791407,3
"1613",4792168,2
"1614",4792184,1
"1615",4792449,2
"1616",4793921,3
"1617",4794350,2
"1618",4796221,1
"1619",4796314,1
"1620",4796455,1
"1621",4796754,3
"1622",4800792,2
"1623",4801807,1
"1624",4802783,3
"1625",4803364,2
"1626",4804054,3
"1627",4804515,2
"1628",4810154,2
"1629",4810331,2
"1630",4811798,3
"1631",4813089,3
"1632",4814973,2
"1633",4815638,3
"1634",4815650,1
"1635",4815758,3
"1636",4815785,3
"1637",4815920,2
"1638",4816090,1
"1639",4816091,3
"1640",4816264,2
"1641",4816631,3
"1642",4816850,1
"1643",4817003,3
"1644",4817172,3
"1645",4818231,3
"1646",4818996,2
"1647",4820018,3
"1648",4820265,3
"1649",4820297,1
"1650",4965165,2
"1651",4966469,1
"1652",4967836,2
"1653",4968091,3
"1654",4970375,2
"1655",4971487,1
"1656",4971623,2
"1657",4971667,3
"1658",4971897,3
"1659",4972071,3
"1660",4974765,1
"1661",4975625,1
"1662",4979324,3
"1663",4979965,2
"1664",4981367,3
"1665",4982151,2
"1666",4983819,3
"1667",4984558,3
"1668",4987032,2
"1669",4989654,3
"1670",4990025,1
"1671",4992991,3
"1672",4993266,3
"1673",4994240,2
"1674",4994244,3
"1675",4994436,3
"1676",4994960,2
"1677",4995756,3
"1678",4995992,3
"1679",4997110,3
"1680",4998105,3
"1681",4998606,1
"1682",4999066,2
"1683",4999588,3
"1684",5003135,2
"1685",5003713,1
"1686",5003961,2
"1687",5004792,2
"1688",5004805,1
"1689",5006567,3
"1690",5006703,2
"1691",5006776,1
"1692",5007328,3
"1693",5008246,1
"1694",5008352,1
"1695",5010242,3
"1696",5010294,2
"1697",5010567,3
"1698",5012059,3
"1699",5015033,1
"1700",5015263,3
"1701",5015530,3
"1702",5016633,3
"1703",5016904,1
"1704",5016924,3
"1705",5018264,3
"1706",5018337,2
"1707",5018755,3
"1708",5018778,2
"1709",5018783,3
"1710",5018883,2
"1711",5019744,3
"1712",5020703,3
"1713",5021104,3
"1714",5022379,1
"1715",5022617,3
"1716",5023856,2
"1717",5024941,3
"1718",5121442,1
"1719",5126877,2
"1720",5128490,1
"1721",5129696,1
"1722",5134013,1
"1723",5141736,2
"1724",5141774,1
"1725",5141988,3
"1726",5142689,2
"1727",5144030,2
"1728",5144273,1
"1729",5145098,2
"1730",5146580,2
"1731",5150920,1
"1732",5151774,2
"1733",5155454,2
"1734",5157483,2
"1735",5158139,3
"1736",5161035,1
"1737",5163750,1
"1738",5164004,1
"1739",5166315,3
"1740",5166549,3
"1741",5171111,3
"1742",5171121,1
"1743",5173565,3
"1744",5174103,2
"1745",5174234,3
"1746",5174236,2
"1747",5175737,1
"1748",5176712,1
"1749",5176899,2
"1750",5179154,1
"1751",5181639,3
"1752",5182441,3
"1753",5183744,3
"1754",5184711,3
"1755",5185697,2
"1756",5185980,3
"1757",5186735,1
"1758",5189172,2
"1759",5191610,2
"1760",5191661,3
"1761",5192278,1
"1762",5193080,3
"1763",5193760,3
"1764",5194358,2
"1765",5194483,2
"1766",5194555,2
"1767",5194925,3
"1768",5195045,1
"1769",5195255,2
"1770",5195376,3
"1771",5195459,2
"1772",5195814,1
"1773",5195820,1
"1774",5195910,3
"1775",5196898,2
"1776",5198163,2
"1777",5199319,3
"1778",5200030,2
"1779",5202450,3
"1780",5208071,3
"1781",5208122,3
"1782",5212131,2
"1783",5222221,3
"1784",5224196,2
"1785",5224298,1
"1786",5224424,2
"1787",5224650,1
"1788",5224879,2
"1789",5226020,3
"1790",5228034,3
"1791",5228824,2
"1792",5229337,3
"1793",5230495,3
"1794",5233968,3
"1795",5233985,3
"1796",5234167,3
"1797",5234859,2
"1798",5235154,3
"1799",5237241,2
"1800",5238893,2
"1801",5242598,1
"1802",5252605,3
"1803",5252759,2
"1804",5253726,2
"1805",5255919,3
"1806",5256666,1
"1807",5258291,2
"1808",5260404,2
"1809",5261177,3
"1810",5261495,3
"1811",5261975,3
"1812",5262314,3
"1813",5262343,1
"1814",5262827,3
"1815",5263172,3
"1816",5263642,1
"1817",5265724,2
"1818",5266692,2
"1819",5267003,2
"1820",5269637,3
"1821",5270476,1
"1822",5276722,3
"1823",5278139,2
"1824",5278209,3
"1825",5278907,1
"1826",5279918,3
"1827",5286755,2
"1828",5289438,3
"1829",5291920,2
"1830",5293802,2
"1831",5293842,3
"1832",5301696,3
"1833",5302567,1
"1834",5303434,3
"1835",5305948,1
"1836",5306572,2
"1837",5307289,2
"1838",5308062,2
"1839",5308371,3
"1840",5308490,3
"1841",5309274,3
"1842",5309584,3
"1843",5310311,3
"1844",5311055,1
"1845",5312757,3
"1846",5315341,3
"1847",5318163,3
"1848",5326079,3
"1849",5326227,3
"1850",5326689,1
"1851",5329267,1
"1852",5329290,1
"1853",5330549,1
"1854",5331119,2
"1855",5332111,2
"1856",5332218,2
"1857",5333089,1
"1858",5335196,3
"1859",5336272,3
"1860",5338160,3
"1861",5341263,3
"1862",5342958,1
"1863",5343258,3
"1864",5343483,3
"1865",5343959,1
"1866",5350633,1
"1867",5351930,1
"1868",5353260,2
"1869",5353514,2
"1870",5379935,2
"1871",5380627,1
"1872",5384448,1
"1873",5384556,1
"1874",5385702,3
"1875",5391589,1
"1876",5391741,1
"1877",5392181,1
"1878",5393951,3
"1879",5396377,3
"1880",5396611,2
"1881",5396889,2
"1882",5397192,2
"1883",5398684,3
"1884",5407845,3
"1885",5414095,3
"1886",5414336,3
"1887",5419814,1
"1888",5421111,1
"1889",5423629,2
"1890",5426080,3
"1891",5426236,3
"1892",5426756,1
"1893",5426912,3
"1894",5429518,3
"1895",5432461,3
"1896",5434034,1
"1897",5435643,3
"1898",5436212,2
"1899",5439980,3
"1900",5441039,3
"1901",5441073,2
"1902",5443658,3
"1903",5445416,1
"1904",5447384,2
"1905",5448203,1
"1906",5448501,3
"1907",5449455,2
"1908",5449616,1
"1909",5449909,3
"1910",5453403,3
"1911",5456678,1
"1912",5457055,3
"1913",5457159,2
"1914",5458657,3
"1915",5465898,2
"1916",5467323,1
"1917",5468144,3
"1918",5477040,1
"1919",5479134,1
"1920",5480634,1
"1921",5482908,1
"1922",5483184,1
"1923",5483257,2
"1924",5484563,3
"1925",5488907,1
"1926",5494444,2
"1927",5498446,1
"1928",5502671,3
"1929",5503474,3
"1930",5504198,1
"1931",5510402,3
"1932",5510619,3
"1933",5515885,1
"1934",5526501,1
"1935",5526821,2
"1936",5528713,1
"1937",5531105,1
"1938",5532054,1
"1939",5534483,1
"1940",5535090,3
"1941",5535534,3
"1942",5538655,1
"1943",5540683,3
"1944",5541212,3
"1945",5541986,2
"1946",5545082,2
"1947",5548791,2
"1948",5550304,1
"1949",5551228,1
"1950",5555984,2
"1951",5557642,2
"1952",5558428,3
"1953",5558956,3
"1954",5559098,1
"1955",5559151,2
"1956",5559197,2
"1957",5575539,3
"1958",5577872,3
"1959",5579252,3
"1960",5579515,2
"1961",5581444,3
"1962",5583026,2
"1963",5585111,2
"1964",5585966,3
"1965",5600361,3
"1966",5604663,3
"1967",5605559,2
"1968",5605878,1
"1969",5606990,1
"1970",5613410,1
"1971",5615698,1
"1972",5616565,2
"1973",5619634,2
"1974",5623914,3
"1975",5628229,3
"1976",5628945,3
"1977",5630150,2
"1978",5630380,1
"1979",5635682,3
"1980",5635925,2
"1981",5638503,1
"1982",5640070,3
"1983",5643085,3
"1984",5643960,1
"1985",5651483,1
"1986",5654824,3
"1987",5655281,1
"1988",5658069,3
"1989",5659266,1
"1990",5668340,2
"1991",5668993,2
"1992",5672531,1
"1993",5672912,3
"1994",5672921,1
"1995",5674313,3
"1996",5679958,2
"1997",5681793,3
"1998",5686286,2
"1999",5687210,3
"2000",5688247,3
"2001",5693000,3
"2002",5693461,1
"2003",5693902,3
"2004",5694343,2
"2005",5697171,2
"2006",5697393,1
"2007",5706989,3
"2008",5708223,1
"2009",5710715,1
"2010",5716397,3
"2011",5716992,1
"2012",5727116,1
"2013",5740122,2
"2014",5740936,3
"2015",5744389,1
"2016",5745038,1
"2017",5747999,1
"2018",5753383,2
"2019",5755078,1
"2020",5757079,3
"2021",5757183,3
"2022",5759276,2
"2023",5760415,3
"2024",5761064,1
"2025",5764779,3
"2026",5766055,1
"2027",5766430,1
"2028",5766447,3
"2029",5766794,1
"2030",5773897,3
"2031",5775958,2
"2032",5778041,1
"2033",5780980,2
"2034",5781596,3
"2035",5783625,2
"2036",5784189,2
"2037",5784672,1
"2038",5785586,3
"2039",5786855,3
"2040",5787218,3
"2041",5788440,3
"2042",5788456,1
"2043",5789664,3
"2044",5790018,1
"2045",5791568,2
"2046",5791799,3
"2047",5801535,1
"2048",5801628,2
"2049",5803028,1
"2050",5803530,3
"2051",5804781,3
"2052",5806130,3
"2053",5806420,3
"2054",5808598,2
"2055",5809323,3
"2056",5810189,1
"2057",5814414,1
"2058",5822961,3
"2059",5827207,3
"2060",5827303,3
"2061",5833655,3
"2062",5837337,1
"2063",5844439,3
"2064",5845440,3
"2065",5845664,2
"2066",5845954,2
"2067",5847842,3
"2068",5848110,2
"2069",5848594,1
"2070",5849902,2
"2071",5854334,3
"2072",5855641,1
"2073",5857331,3
"2074",5858564,3
"2075",5858653,3
"2076",5862500,1
"2077",5862762,3
"2078",5862878,1
"2079",5866229,1
"2080",5866689,1
"2081",5866895,1
"2082",5871265,2
"2083",5871502,2
"2084",5874981,3
"2085",5876018,3
"2086",5876156,2
"2087",5877807,3
"2088",5879174,3
"2089",5885035,3
"2090",5887031,3
"2091",5887042,1
"2092",5889418,3
"2093",5893000,1
"2094",5893245,3
"2095",5899302,3
"2096",5900741,1
"2097",5901652,2
"2098",5903791,3
"2099",5904212,3
"2100",5906964,3
"2101",5907235,3
"2102",5908553,1
"2103",5911936,3
"2104",5911977,3
"2105",5914511,3
"2106",5923313,3
"2107",5925113,1
"2108",5925984,3
"2109",5928183,1
"2110",5934913,2
"2111",5937184,1
"2112",5938176,3
"2113",5940006,3
"2114",5942025,2
"2115",5942812,3
"2116",5945310,1
"2117",5946386,2
"2118",5951917,1
"2119",5955133,1
"2120",5956956,1
"2121",5957840,1
"2122",5959154,3
"2123",5966582,3
"2124",5967277,3
"2125",5970387,3
"2126",5971283,1
"2127",5975615,1
"2128",5984614,2
"2129",5984918,3
"2130",5989774,1
"2131",5991666,3
"2132",5995565,2
"2133",5996408,2
"2134",5996719,2
"2135",5997138,2
"2136",5998525,1
"2137",5998719,3
"2138",5999345,3
"2139",5999350,1
"2140",5999631,2
"2141",6000343,1
"2142",6005019,3
"2143",6012668,1
"2144",6014146,3
"2145",6015564,1
"2146",6016440,3
"2147",6017491,3
"2148",6019423,2
"2149",6019595,2
"2150",6019717,3
"2151",6021277,3
"2152",6024779,1
"2153",6025224,1
"2154",6027037,3
"2155",6027201,1
"2156",6029647,3
"2157",6030189,2
"2158",6030426,2
"2159",6031237,3
"2160",6035589,3
"2161",6037232,3
"2162",6040101,3
"2163",6069146,1
"2164",6069269,1
"2165",6070300,3
"2166",6074100,2
"2167",6074441,1
"2168",6076273,1
"2169",6077894,1
"2170",6079470,2
"2171",6080110,1
"2172",6080380,2
"2173",6081156,3
"2174",6084487,1
"2175",6086317,3
"2176",6087433,3
"2177",6091855,3
"2178",6094081,3
"2179",6104875,2
"2180",6106971,3
"2181",6108127,3
"2182",6113679,2
"2183",6116515,3
"2184",6117752,2
"2185",6121316,3
"2186",6122186,2
"2187",6130579,1
"2188",6132093,1
"2189",6134353,3
"2190",6148982,1
"2191",6149147,2
"2192",6151344,1
"2193",6153865,2
"2194",6155342,1
"2195",6160149,3
"2196",6161268,2
"2197",6161836,2
"2198",6163123,3
"2199",6166308,2
"2200",6166747,2
"2201",6168246,2
"2202",6172461,1
"2203",6174741,3
"2204",6178331,2
"2205",6178680,1
"2206",6179384,1
"2207",6179975,3
"2208",6181157,3
"2209",6185901,1
"2210",6187331,3
"2211",6188400,2
"2212",6188500,2
"2213",6189208,3
"2214",6192712,3
"2215",6192961,2
"2216",6193067,1
"2217",6195908,3
"2218",6197978,1
"2219",6198304,2
"2220",6207558,1
"2221",6211390,1
"2222",6212297,2
"2223",6213806,2
"2224",6222269,3
"2225",6222884,1
"2226",6223867,1
"2227",6224915,2
"2228",6225862,3
"2229",6226493,1
"2230",6227345,3
"2231",6233773,3
"2232",6233978,3
"2233",6240387,3
"2234",6244017,3
"2235",6247189,2
"2236",6247328,2
"2237",6247484,1
"2238",6248213,1
"2239",6248556,1
"2240",6248637,1
"2241",6250058,2
"2242",6263639,3
"2243",6264333,3
"2244",6265781,1
"2245",6267470,1
"2246",6270162,2
"2247",6274413,3
"2248",6274827,2
"2249",6274899,3
"2250",6275357,1
"2251",6276500,3
"2252",6277288,1
"2253",6277465,1
"2254",6277570,1
"2255",6278226,3
"2256",6281882,1
"2257",6282283,3
"2258",6282324,1
"2259",6283238,2
"2260",6284312,1
"2261",6284374,3
"2262",6285516,3
"2263",6286769,2
"2264",6287185,2
"2265",6288101,3
"2266",6292220,1
"2267",6294036,3
"2268",6294972,1
"2269",6296565,2
"2270",6298271,1
"2271",6299590,2
"2272",6300058,3
"2273",6300693,1
"2274",6300890,3
"2275",6301027,1
"2276",6301766,1
"2277",6304787,3
"2278",6310228,1
"2279",6310741,2
"2280",6314522,3
"2281",6316159,1
"2282",6316293,2
"2283",6318101,3
"2284",6319288,3
"2285",6319575,1
"2286",6322477,3
"2287",6323619,3
"2288",6324210,1
"2289",6326362,3
"2290",6329980,1
"2291",6332096,3
"2292",6333110,3
"2293",6337158,1
"2294",6343807,1
"2295",6344269,3
"2296",6345461,1
"2297",6345589,3
"2298",6345664,1
"2299",6353427,1
"2300",6358694,1
"2301",6359539,3
"2302",6360671,1
"2303",6360792,1
"2304",6362487,3
"2305",6363564,1
"2306",6369676,3
"2307",6380369,3
"2308",6381892,1
"2309",6383842,1
"2310",6386578,1
"2311",6387164,3
"2312",6393424,3
"2313",6399308,3
"2314",6399918,2
"2315",6401325,3
"2316",6402048,1
"2317",6408810,3
"2318",6412086,3
"2319",6412364,3
"2320",6415131,1
"2321",6417046,2
"2322",6417611,3
"2323",6418722,1
"2324",6421838,1
"2325",6421883,2
"2326",6426039,3
"2327",6431042,3
"2328",6433993,1
"2329",6436379,2
"2330",6437133,1
"2331",6441124,1
"2332",6441667,3
"2333",6444114,1
"2334",6445278,1
"2335",6446487,1
"2336",6449292,2
"2337",6452392,3
"2338",6453189,1
"2339",6457183,1
"2340",6458175,3
"2341",6460607,3
"2342",6462366,3
"2343",6465520,3
"2344",6468590,1
"2345",6468729,3
"2346",6468882,1
"2347",6471537,3
"2348",6473392,3
"2349",6474596,3
"2350",6475332,3
"2351",6476848,2
"2352",6477984,2
"2353",6482061,3
"2354",6488879,3
"2355",6489527,2
"2356",6489666,2
"2357",6489965,2
"2358",6490318,1
"2359",6494296,2
"2360",6495533,1
"2361",6495933,1
"2362",6497208,1
"2363",6503973,1
"2364",6509787,2
"2365",6510571,2
"2366",6512378,1
"2367",6514571,1
"2368",6515753,3
"2369",6516712,3
"2370",6517032,2
"2371",6525178,2
"2372",6530083,1
"2373",6535194,2
"2374",6538307,3
"2375",6538976,2
"2376",6540361,1
"2377",6541407,3
"2378",6544867,1
"2379",6548218,3
"2380",6548605,1
"2381",6549045,1
"2382",6643271,3
"2383",6724808,1
"2384",6739429,2
"2385",6808499,1
"2386",6813292,1
"2387",6845759,3
"2388",6871449,3
"2389",6874533,2
"2390",6881572,1
"2391",6911528,1
"2392",6921601,1
"2393",6938252,1
"2394",7010947,1
"2395",7013345,3
"2396",7019352,1
"2397",7048001,1
"2398",7050086,2
"2399",7052076,2
"2400",7059935,1
"2401",7060562,2
"2402",7105681,2
"2403",7149420,3
"2404",7161197,1
"2405",7165650,3
"2406",7166730,1
"2407",7169084,1
"2408",7171014,2
"2409",7193168,1
"2410",7195154,3
"2411",7199622,2
"2412",7202008,2
"2413",7202459,2
"2414",7205196,1
"2415",7205508,3
"2416",7206334,1
"2417",7211520,3
"2418",7213295,1
"2419",7217268,1
"2420",7220485,1
"2421",7222647,1
"2422",7224320,3
"2423",7224458,3
"2424",7225467,3
"2425",7226285,1
"2426",7226798,1
"2427",7230207,3
"2428",7238087,1
"2429",7242569,1
"2430",7242815,3
"2431",7243501,2
"2432",7245984,2
"2433",7252099,1
"2434",7254723,3
"2435",7256406,3
"2436",7257382,1
"2437",7259886,2
"2438",7260451,3
"2439",7260626,1
"2440",7268017,3
"2441",7268081,1
"2442",7268419,3
"2443",7271228,1
"2444",7275977,1
"2445",7285157,1
"2446",7289691,2
"2447",7291596,2
"2448",7291718,3
"2449",7292109,1
"2450",7294651,1
"2451",7296902,3
"2452",7297871,1
"2453",7303519,2
"2454",7304817,2
"2455",7311108,2
"2456",7311157,1
"2457",7314622,2
"2458",7315946,2
"2459",7316329,1
"2460",7321474,1
"2461",7323684,1
"2462",7323734,3
"2463",7323740,3
"2464",7323879,3
"2465",7324066,1
"2466",7324333,2
"2467",7326926,1
"2468",7327369,2
"2469",7327377,2
"2470",7328869,2
"2471",7330306,3
"2472",7331136,3
"2473",7331153,2
"2474",7331490,3
"2475",7332499,2
"2476",7334489,2
"2477",7336742,3
"2478",7337015,2
"2479",7337362,2
"2480",7342338,3
"2481",7346621,2
"2482",7348289,3
"2483",7350838,3
"2484",7354731,3
"2485",7355436,3
"2486",7356664,3
"2487",7360870,1
"2488",7364771,1
"2489",7366181,1
"2490",7369733,3
"2491",7372377,2
"2492",7374666,3
"2493",7477430,3
"2494",7502896,2
"2495",7524263,1
"2496",7557594,2
"2497",7561304,1
"2498",7592385,2
"2499",7634053,3
"2500",7639878,3
"2501",7641007,1
"2502",7643430,3
"2503",7644462,3
"2504",7671474,3
"2505",7673545,1
"2506",7688815,1
"2507",7747174,1
"2508",7749928,1
"2509",7770408,1
"2510",7775727,2
"2511",7785953,3
"2512",7816833,2
"2513",7817147,1
"2514",7842831,3
"2515",7847288,3
"2516",7860968,1
"2517",7862878,3
"2518",7871143,2
"2519",7883513,1
"2520",7892220,1
"2521",7909567,1
"2522",7911470,3
"2523",7914407,1
"2524",7927458,3
"2525",7927574,3
"2526",7947249,3
"2527",7977973,3
"2528",7995407,1
"2529",8007889,3
"2530",8022735,1
"2531",8037523,1
"2532",8059894,3
"2533",8090463,3
"2534",8092251,1
"2535",8099758,3
"2536",8135898,1
"2537",8137764,3
"2538",8145818,1
"2539",8174036,3
"2540",8221463,1
"2541",8238047,3
"2542",8244755,3
"2543",8244871,1
"2544",8302830,2
"2545",8310036,1
"2546",8318171,1
"2547",8329563,2
"2548",8374323,1
"2549",8384070,3
"2550",8392086,1
"2551",8405256,1
"2552",8421128,2
"2553",8434870,2
"2554",8443722,1
"2555",8485950,3
"2556",8492693,1
"2557",8494333,3
"2558",8495304,1
"2559",8498801,1
"2560",8504631,3
"2561",8539477,3
"2562",8546443,3
"2563",8553005,1
"2564",8578866,3
"2565",8584424,1
"2566",8588104,2
"2567",8631851,3
"2568",8635844,3
"2569",8645793,1
"2570",8646085,2
"2571",8650467,3
"2572",8659927,1
"2573",8664673,3
"2574",8679701,1
"2575",8689237,2
"2576",8695670,1
"2577",8695707,1
"2578",8695936,2
"2579",8696211,3
"2580",8696261,3
"2581",8734071,2
"2582",8754583,1
"2583",8759416,3
"2584",8759713,1
"2585",8772544,3
"2586",8775905,2
"2587",8787642,1
"2588",8799486,1
"2589",8813123,2
"2590",8842909,3
"2591",8847788,3
"2592",8857107,1
"2593",8860369,1
"2594",8880496,1
"2595",8903547,2
"2596",8906670,3
"2597",8908879,1
"2598",8909668,1
"2599",8913326,3
"2600",8933365,3
"2601",8944536,3
"2602",8968937,2
"2603",8975018,1
"2604",8977257,3
"2605",8980107,3
"2606",8988107,2
"2607",9002317,1
"2608",9009196,1
"2609",9011631,3
"2610",9037868,3
"2611",9046857,2
"2612",9048106,1
"2613",9050525,3
"2614",9051126,2
"2615",9061989,3
"2616",9069967,1
"2617",9077830,2
"2618",9078862,3
"2619",9090620,1
"2620",9092785,1
"2621",9103971,3
"2622",9114686,1
"2623",9115206,1
"2624",9133679,2
"2625",9140517,1
"2626",9146839,1
"2627",9164408,3
"2628",9203457,1
"2629",9213504,3
"2630",9216367,3
"2631",9216413,1
"2632",9224643,1
"2633",9231585,2
"2634",9234039,3
"2635",9235562,1
"2636",9276010,1
"2637",9276656,1
"2638",9300034,3
"2639",9309048,2
"2640",9319881,3
"2641",9332860,3
"2642",9344007,2
"2643",9366441,3
"2644",9389042,1
"2645",9409783,3
"2646",9425398,3
"2647",9426166,2
"2648",9429471,3
"2649",9433838,2
"2650",9492218,3
"2651",9497485,3
"2652",9499873,3
"2653",9541022,1
"2654",9542472,3
"2655",9565020,1
"2656",9583063,1
"2657",9609105,1
"2658",9613453,2
"2659",9657520,3
"2660",9668775,2
"2661",9683766,1
"2662",9685883,3
"2663",9690511,1
"2664",9729617,1
"2665",9755302,1
"2666",9780030,2
"2667",9791706,1
"2668",9792991,1
"2669",9824659,1
"2670",9824693,3
"2671",9828490,1
"2672",9841993,3
"2673",9847127,2
"2674",9848655,1
"2675",9865457,1
"2676",9876403,1
"2677",9887086,2
"2678",9897112,1
"2679",9898571,2
"2680",9930772,1
"2681",9930973,3
"2682",9934005,3
"2683",9943840,3
"2684",10013925,3
"2685",10032571,1
"2686",10036110,1
"2687",10056325,1
"2688",10075000,3
"2689",10075589,3
"2690",10107026,3
"2691",10109910,1
"2692",10132002,1
"2693",10139315,1
"2694",10161439,3
"2695",10194728,1
"2696",10233042,1
"2697",10250006,3
"2698",10261790,2
"2699",10262716,1
"2700",10269536,3
"2701",10292625,2
"2702",10310431,2
"2703",10313338,1
"2704",10329025,3
"2705",10341220,1
"2706",10343472,3
"2707",10345800,1
"2708",10383568,3
"2709",10387475,1
"2710",10395698,1
"2711",10396987,3
"2712",10403338,3
"2713",10412280,2
"2714",10413037,3
"2715",10414531,3
"2716",10416566,3
"2717",10463664,1
"2718",10485207,1
"2719",10485279,3
"2720",10506794,1
"2721",10533589,1
"2722",10540329,1
"2723",10541141,3
"2724",10544361,3
"2725",10550798,3
"2726",10554211,1
"2727",10581154,1
"2728",10590550,3
"2729",10618514,3
"2730",10622158,3
"2731",10680038,3
"2732",10695559,3
"2733",10714117,3
"2734",10715587,3
"2735",10716309,3
"2736",10721392,1
"2737",10721417,3
"2738",10722114,3
"2739",10727842,1
"2740",10735654,2
"2741",10737586,2
"2742",10738176,2
"2743",10742764,1
"2744",10744640,1
"2745",10747371,2
"2746",10750363,1
"2747",10752723,1
"2748",10752724,1
"2749",10757031,3
"2750",10863362,3
"2751",10896261,1
"2752",10916823,1
"2753",10960571,2
"2754",11053090,1
"2755",11096481,1
"2756",11167276,3
"2757",11167446,3
"2758",11168457,1
"2759",11169185,3
"2760",11169223,3
"2761",11169232,1
"2762",11172661,3
"2763",11188160,1
"2764",11225376,1
"2765",11244912,3
"2766",11332011,1
"2767",11357717,2
"2768",11489254,1
"2769",11640484,3
"2770",11646505,3
"2771",11835860,2
"2772",11863252,1
"2773",11963296,1
"2774",12041734,3
"2775",12251220,1
"2776",12254941,2
"2777",12336806,1
"2778",12341192,2
"2779",12341311,3
"2780",12403950,1
"2781",12426828,3
"2782",12436133,3
"2783",12454962,3
"2784",12519624,3
"2785",12530899,1
"2786",12559755,3
"2787",12561535,3
"2788",12562434,2
"2789",12587066,2
"2790",12613828,2
"2791",12614347,2
"2792",12615185,3
"2793",12673812,1
"2794",12676491,3
"2795",12693163,2
"2796",12720504,1
"2797",12720793,1
"2798",12721213,3
"2799",12743425,2
"2800",12771176,1
"2801",12819009,3
"2802",12819977,1
"2803",12822935,1
"2804",12845197,1
"2805",12847983,3
"2806",12848096,3
"2807",12876914,2
"2808",12900924,1
"2809",12926170,2
"2810",12951350,1
"2811",12951424,3
"2812",13003286,3
"2813",13054676,2
"2814",13055324,3
"2815",13065734,3
"2816",13137865,3
"2817",13140322,2
"2818",13183894,2
"2819",13230015,3
"2820",13230091,3
"2821",13232935,2
"2822",13258779,3
"2823",13283457,1
"2824",13285094,1
"2825",13310207,2
"2826",13310765,1
"2827",13334717,3
"2828",13361987,3
"2829",13362075,3
"2830",13362767,2
"2831",13391101,2
"2832",13391610,1
"2833",13449034,2
"2834",13450042,3
"2835",13473787,2
"2836",13476025,1
"2837",13492441,1
"2838",13497860,3
"2839",13530479,1
"2840",13584977,3
"2841",13598871,1
"2842",13607848,3
"2843",13614487,1
"2844",13616389,1
"2845",13709355,3
"2846",13745996,1
"2847",13809403,3
"2848",13820502,3
"2849",13832157,3
"2850",13832300,3
"2851",13832864,3
"2852",13863451,2
"2853",13907272,3
"2854",13911237,3
"2855",13995218,1
"2856",14017222,3
"2857",14049704,3
"2858",14088054,1
"2859",14160206,1
"2860",14313992,2
"2861",14314032,3
"2862",14492648,3
"2863",14500404,3
"2864",14502772,1
"2865",14503800,2
"2866",14503814,2
"2867",14510004,1
"2868",14511374,3
"2869",14517394,2
"2870",14523479,2
"2871",14523821,1
"2872",14524755,3
"2873",14539058,2
"2874",14544277,1
"2875",14546781,3
"2876",14558284,3
"2877",14559402,1
"2878",14560497,3
"2879",14562492,3
"2880",14568409,2
"2881",14569315,3
"2882",14572187,3
"2883",14575707,1
"2884",14585548,1
"2885",14585595,1
"2886",14591488,1
"2887",14595555,3
"2888",14596530,3
"2889",14599210,1
"2890",14599221,2
"2891",14600175,3
"2892",14602125,2
"2893",14604870,2
"2894",14609634,2
"2895",14612192,1
"2896",14629107,1
"2897",14631728,1
"2898",14633295,1
"2899",14633636,3
"2900",14636094,1
"2901",14636284,3
"2902",14636760,3
"2903",14637603,1
"2904",14637947,1
"2905",14647366,2
"2906",14652055,3
"2907",14654269,3
"2908",14655410,3
"2909",14657469,1
"2910",14660818,2
"2911",14668031,1
"2912",14671295,1
"2913",14671865,1
"2914",14673628,2
"2915",14680367,1
"2916",14684287,2
"2917",14687755,3
"2918",14691307,3
"2919",14691575,2
"2920",14694727,2
"2921",14700950,2
"2922",14701331,3
"2923",14701336,1
"2924",14702613,1
"2925",14702676,3
"2926",14706656,3
"2927",14711915,3
"2928",14720152,1
"2929",14720795,3
"2930",14724583,1
"2931",14728272,2
"2932",14728712,3
"2933",14731333,3
"2934",14733130,1
"2935",14738214,2
"2936",14741230,2
"2937",14741422,3
"2938",14742194,1
"2939",14744865,2
"2940",14747932,1
"2941",14753467,2
"2942",14753623,1
"2943",14766182,3
"2944",14768968,1
"2945",14773892,3
"2946",14775367,2
"2947",14790641,3
"2948",14791342,1
"2949",14794547,2
"2950",14795085,3
"2951",14798680,1
"2952",14800468,3
"2953",14835273,3
"2954",14844237,3
"2955",14847341,2
"2956",14888994,3
"2957",14897735,3
"2958",14920567,2
"2959",14923680,1
"2960",14928431,1
"2961",14930309,1
"2962",14934122,2
"2963",14947706,2
"2964",14949244,3
"2965",14951843,3
"2966",14952348,2
"2967",14952886,3
"2968",14958636,3
"2969",14965022,3
"2970",14965838,3
"2971",14976028,1
"2972",14978018,2
"2973",14985986,2
"2974",14987902,2
"2975",14996212,3
"2976",15004511,2
"2977",15005687,2
"2978",15007737,2
"2979",15009917,3
"2980",15010223,1
"2981",15018069,3
"2982",15018576,3
"2983",15019977,3
"2984",15023619,3
"2985",15025021,2
"2986",15026765,3
"2987",15038196,2
"2988",15038695,2
"2989",15040635,1
"2990",15041937,2
"2991",15042709,2
"2992",15045456,2
"2993",15046303,3
"2994",15053926,3
"2995",15059730,1
"2996",15060681,1
"2997",15064056,3
"2998",15067240,3
"2999",15073601,1
"3000",15074043,2
"3001",15074688,3
"3002",15076270,1
"3003",15079270,3
"3004",15082195,3
"3005",15083066,1
"3006",15085267,3
"3007",15086373,3
"3008",15087342,3
"3009",15092733,3
"3010",15093089,1
"3011",15095208,3
"3012",15098465,3
"3013",15101470,1
"3014",15108217,3
"3015",15109897,1
"3016",15112820,3
"3017",15112913,2
"3018",15115945,3
"3019",15119157,2
"3020",15126444,3
"3021",15139216,3
"3022",15144684,3
"3023",15147735,1
"3024",15149782,3
"3025",15156696,3
"3026",15157070,2
"3027",15161003,3
"3028",15163446,2
"3029",15165564,1
"3030",15166663,2
"3031",15167965,3
"3032",15168649,1
"3033",15169083,3
"3034",15170973,2
"3035",15175714,3
"3036",15184197,1
"3037",15186949,2
"3038",15188950,1
"3039",15189681,1
"3040",15192398,3
"3041",15204348,3
"3042",15206003,3
"3043",15206896,3
"3044",15207201,2
"3045",15207664,1
"3046",15208205,2
"3047",15214073,3
"3048",15215452,1
"3049",15215481,1
"3050",15217139,3
"3051",15219535,1
"3052",15290704,1
"3053",15292400,1
"3054",15292628,3
"3055",15293797,1
"3056",15295555,1
"3057",15295880,3
"3058",15299621,3
"3059",15487858,3
"3060",15908118,3
"3061",15913098,2
"3062",16189451,3
"3063",16190188,3
"3064",16191788,2
"3065",16192222,1
"3066",16405826,3
"3067",16531756,1
"3068",16637957,2
"3069",16729006,3
"3070",16917010,2
"3071",17055532,3
"3072",17056138,1
"3073",17057261,3
"3074",17061499,1
"3075",17062232,1
"3076",17067160,2
"3077",17068648,2
"3078",17101412,3
"3079",17101554,3
"3080",17104134,1
"3081",17104586,3
"3082",17106526,3
"3083",17419226,3
"3084",17550348,3
"3085",17729641,3
"3086",17864755,1
"3087",18135652,1
"3088",18137623,2
"3089",18137997,3
"3090",18142587,1
"3091",18148179,1
"3092",18162362,3
"3093",18163961,3
"3094",18164448,1
"3095",18168198,1
"3096",18171550,2
"3097",18171891,1
"3098",18571188,2
"3099",18608705,2
"3100",19000199,1
"3101",19413239,1
"3102",19606569,3
"3103",19606712,3
"3104",19612687,1
"3105",19613860,2
"3106",19615869,2
"3107",19616360,2
"3108",19634623,1
"3109",19650381,1
"3110",19651361,1
"3111",19657746,2
"3112",19669170,1
"3113",19690139,3
"3114",19697137,2
"3115",19699232,1
"3116",19703858,1
"3117",19705839,3
"3118",19711634,3
"3119",19712044,3
"3120",19721882,1
"3121",19722710,1
"3122",19724435,3
"3123",19725250,3
"3124",19727779,1
"3125",19727973,1
"3126",19731536,2
"3127",19733332,2
"3128",19737294,1
"3129",19738319,3
"3130",19739073,3
"3131",19740411,3
"3132",19742294,3
"3133",19744013,3
"3134",19744631,3
"3135",19745101,1
"3136",19745853,1
"3137",19751725,3
"3138",19757774,3
"3139",19759228,2
"3140",19761794,1
"3141",19764495,3
"3142",19764527,3
"3143",20542549,3
"3144",20840326,1
"3145",20841554,1
"3146",20843355,2
"3147",20845150,3
"3148",20845691,2
"3149",20846861,2
"3150",20851232,3
"3151",20851525,2
"3152",20851728,1
"3153",20853265,1
"3154",20857646,2
"3155",20857731,1
"3156",20858726,1
"3157",20861215,3
"3158",20862110,3
"3159",20863519,2
"3160",20863594,1
"3161",20865794,3
"3162",20874387,1
"3163",20887284,1
"3164",20893756,1
"3165",20895491,2
"3166",20907067,1
"3167",20912818,1
"3168",20916629,1
"3169",20924056,1
"3170",20926476,3
"3171",20929489,3
"3172",20931856,3
"3173",20934980,3
"3174",20935056,2
"3175",20939878,1
"3176",20940042,1
"3177",20940336,2
"3178",20943930,3
"3179",20943987,3
"3180",20951728,1
"3181",20963728,3
"3182",20965669,3
"3183",20968733,3
"3184",20969632,3
"3185",20973050,2
"3186",20975745,3
"3187",20976295,3
"3188",20982071,3
"3189",20983261,1
"3190",20988897,1
"3191",20992570,3
"3192",20993652,1
"3193",20994898,1
"3194",21015696,1
"3195",21020295,2
"3196",21023820,1
"3197",21027988,3
"3198",21037766,3
"3199",21040272,3
"3200",21042063,2
"3201",21055993,3
"3202",21064536,2
"3203",21066684,3
"3204",21093075,1
"3205",21096023,3
"3206",21105453,1
"3207",21109837,1
"3208",21112108,1
"3209",21132651,3
"3210",21165867,3
"3211",21182504,3
"3212",21188002,3
"3213",21216733,3
"3214",21226887,3
"3215",21230721,3
"3216",21238282,3
"3217",21245939,3
"3218",21250006,2
"3219",21253870,1
"3220",21257743,1
"3221",21266277,2
"3222",21271764,2
"3223",21272331,1
"3224",21273654,3
"3225",21291443,1
"3226",21293420,2
"3227",21295896,1
"3228",21297221,2
"3229",21299519,2
"3230",21299838,2
"3231",22345929,2
"3232",22391356,1
"3233",22505876,1
"3234",22767095,1
"3235",23077745,3
"3236",23096212,2
"3237",23096589,1
"3238",23100377,3
"3239",23105640,1
"3240",23108170,3
"3241",23113901,3
"3242",23123044,3
"3243",23126587,3
"3244",23126616,1
"3245",23126736,2
"3246",23130113,1
"3247",23134262,2
"3248",23141866,1
"3249",23144887,3
"3250",23145288,1
"3251",23175056,1
"3252",23177041,3
"3253",23187170,2
"3254",23189847,3
"3255",23192612,3
"3256",23192942,3
"3257",23196455,2
"3258",23198436,2
"3259",23202581,3
"3260",23202633,3
"3261",23204924,2
"3262",23210937,2
"3263",23211618,1
"3264",23211897,1
"3265",23212527,2
"3266",23215460,2
"3267",23221403,3
"3268",23223062,3
"3269",23226920,3
"3270",23228385,2
"3271",23231026,1
"3272",23231948,3
"3273",23234589,1
"3274",23234978,3
"3275",23235474,1
"3276",23235491,3
"3277",23238402,2
"3278",23241956,1
"3279",23247060,3
"3280",23248629,3
"3281",23250713,3
"3282",23252165,1
"3283",23253848,1
"3284",23255631,3
"3285",23257524,3
"3286",23258856,3
"3287",23260008,3
"3288",23260967,1
"3289",23261510,3
"3290",23263642,3
"3291",23266321,3
"3292",23268651,2
"3293",23268915,1
"3294",23272204,2
"3295",23273571,3
"3296",23274241,1
"3297",23274521,3
"3298",23277480,2
"3299",23278805,2
"3300",23282690,1
"3301",23283171,3
"3302",23283932,3
"3303",23288424,3
"3304",23288434,1
"3305",23290639,1
"3306",23297675,1
"3307",23298973,3
"3308",23302740,1
"3309",23303962,3
"3310",23304783,3
"3311",23305447,3
"3312",23306054,3
"3313",23308806,3
"3314",23310048,3
"3315",23310606,1
"3316",23311482,1
"3317",23324090,1
"3318",23324465,1
"3319",23325762,3
"3320",23327438,2
"3321",23327563,1
"3322",23328376,2
"3323",23328565,3
"3324",23328731,3
"3325",23331780,1
"3326",23385846,1
"3327",23389152,3
"3328",23392748,2
"3329",23392996,1
"3330",23393739,1
"3331",23398125,3
"3332",23398959,1
"3333",23416912,1
"3334",23418516,3
"3335",23419615,2
"3336",23420150,2
"3337",23421647,3
"3338",23424768,1
"3339",23426213,2
"3340",23426441,1
"3341",23426453,3
"3342",23427912,1
"3343",23428975,3
"3344",23429267,3
"3345",23431724,3
"3346",23431979,3
"3347",23436057,3
"3348",23442295,3
"3349",23443330,2
"3350",23444876,1
"3351",23448719,3
"3352",23453663,3
"3353",23454668,3
"3354",23456411,1
"3355",23456826,2
"3356",23459931,2
"3357",23460494,3
"3358",23461393,3
"3359",23461530,1
"3360",23461927,2
"3361",23473025,1
"3362",23486504,1
"3363",23506784,1
"3364",23507153,2
"3365",23539633,1
"3366",23625416,1
"3367",23626871,1
"3368",23627796,1
"3369",23629373,3
"3370",23630957,3
"3371",23631692,1
"3372",23633053,1
"3373",23656261,3
"3374",23665294,1
"3375",23702359,2
"3376",23703433,2
"3377",23705789,1
"3378",23712113,3
"3379",23712200,2
"3380",23714755,3
"3381",23716719,3
"3382",23717724,2
"3383",23718867,3
"3384",23719113,1
"3385",23719266,1
"3386",23721519,2
"3387",23722635,3
"3388",23727991,1
"3389",23730790,2
"3390",23733761,1
"3391",23744043,1
"3392",23744516,1
"3393",23752906,1
"3394",23756136,1
"3395",23756668,3
"3396",23757692,1
"3397",23761152,3
"3398",23770930,1
"3399",23771720,1
"3400",23775521,1
"3401",23775807,1
"3402",23779262,1
"3403",23782440,3
"3404",23783651,1
"3405",23784586,3
"3406",23790770,1
"3407",23791888,1
"3408",23793089,2
"3409",23795168,3
"3410",23805370,3
"3411",23835656,1
"3412",23836701,3
"3413",23841400,1
"3414",23841608,1
"3415",23841707,3
"3416",23846889,3
"3417",23847007,2
"3418",23851243,3
"3419",23857612,3
"3420",23858364,1
"3421",23859435,2
"3422",23861049,1
"3423",23862320,3
"3424",23866605,3
"3425",23870790,1
"3426",23872328,3
"3427",23873268,3
"3428",23875943,3
"3429",23915455,1
"3430",23960513,3
"3431",23960752,2
"3432",23961161,2
"3433",23963096,1
"3434",23963410,3
"3435",23963526,3
"3436",23963680,1
"3437",23983716,1
"3438",23984080,1
"3439",23986944,2
"3440",23987461,1
"3441",23987708,3
"3442",23987830,1
"3443",24005019,1
"3444",24006725,2
"3445",24008948,1
"3446",24009056,3
"3447",24011857,2
"3448",24013558,1
"3449",24096502,1
"3450",24096766,1
"3451",24097010,1
"3452",24097126,2
"3453",24098291,1
"3454",24098815,2
"3455",24099728,1
"3456",24111462,2
"3457",24111904,3
"3458",24115134,3
"3459",24120735,1
"3460",24121782,3
"3461",24121871,2
"3462",24121998,3
"3463",24141830,1
"3464",24239235,3
"3465",24244178,1
"3466",24244787,2
"3467",24246310,2
"3468",24248011,1
"3469",24252913,3
"3470",24255932,3
"3471",24256196,3
"3472",24261670,1
"3473",24265683,3
"3474",24275649,2
"3475",24291091,3
"3476",24292980,2
"3477",24293725,3
"3478",24340204,1
"3479",24340497,1
"3480",24342704,3
"3481",24344356,1
"3482",24344757,3
"3483",24345439,3
"3484",24345602,1
"3485",24347333,1
"3486",24364630,1
"3487",24365402,1
"3488",24388021,3
"3489",24392349,1
"3490",24408213,3
"3491",24408690,3
"3492",24413358,2
"3493",24415644,3
"3494",24417799,2
"3495",24418379,2
"3496",24439674,2
"3497",24452256,2
"3498",24453701,1
"3499",24455081,1
"3500",24456272,2
"3501",24456935,3
"3502",24457370,3
"3503",24458226,1
"3504",24458652,2
"3505",24462719,1
"3506",24492592,1
"3507",24505713,3
"3508",24509422,1
"3509",24511299,3
"3510",24512003,1
"3511",24512134,3
"3512",24512273,1
"3513",24514970,3
"3514",24524132,3
"3515",24528843,3
"3516",24529849,1
"3517",24530035,3
"3518",24531418,3
"3519",24535017,1
"3520",24535670,3
"3521",24535717,2
"3522",24536733,3
"3523",24537151,3
"3524",24539098,1
"3525",24541436,2
"3526",24542641,3
"3527",24544165,3
"3528",24545978,2
"3529",24548240,2
"3530",24550898,1
"3531",24556979,2
"3532",24583752,3
"3533",24584265,1
"3534",24593956,1
"3535",24595908,1
"3536",24596047,1
"3537",24624895,3
"3538",24626991,3
"3539",24627683,3
"3540",24627691,3
"3541",24628858,3
"3542",24628891,3
"3543",24629043,2
"3544",24634442,3
"3545",24635534,1
"3546",24643013,2
"3547",24643695,1
"3548",24644530,2
"3549",24644922,2
"3550",24647714,2
"3551",24650716,2
"3552",24651149,3
"3553",24652280,3
"3554",24652569,2
"3555",24652647,2
"3556",24653676,1
"3557",24653815,1
"3558",24654063,3
"3559",24655986,3
"3560",24656902,2
"3561",24657651,3
"3562",24658121,2
"3563",24658737,1
"3564",24659100,3
"3565",24659388,1
"3566",24659425,1
"3567",24659437,3
"3568",24659619,3
"3569",24659890,3
"3570",24660510,3
"3571",24660715,3
"3572",24661200,1
"3573",24661224,2
"3574",24661505,3
"3575",24661527,3
"3576",24661643,1
"3577",24661696,3
"3578",24661902,3
"3579",24662410,3
"3580",24662802,3
"3581",24664593,3
"3582",24665225,2
"3583",24677572,2
"3584",24677604,1
"3585",24677893,3
"3586",24680552,1
"3587",24680554,2
"3588",24681245,3
"3589",24682482,2
"3590",24685048,2
"3591",24686045,1
"3592",24688895,3
"3593",24701115,2
"3594",24709185,2
"3595",24709700,1
"3596",24710612,2
"3597",24712966,3
"3598",24713289,1
"3599",24713303,1
"3600",24713912,3
"3601",24713965,2
"3602",24714568,2
"3603",24715728,1
"3604",24727834,3
"3605",24728285,3
"3606",24734995,2
"3607",24745505,2
"3608",24751042,1
"3609",24751428,3
"3610",24754055,1
"3611",24764631,3
"3612",24765787,1
"3613",24766249,2
"3614",24768253,2
"3615",24768460,1
"3616",24771249,3
"3617",24784078,2
"3618",24784338,2
"3619",24784909,2
"3620",24785701,3
"3621",24794547,3
"3622",24796454,2
"3623",24796694,1
"3624",24797014,3
"3625",24797352,3
"3626",24797445,3
"3627",24798208,1
"3628",24798904,1
"3629",24800632,3
"3630",24803069,3
"3631",24804523,1
"3632",24805314,3
"3633",24806659,3
"3634",24806786,1
"3635",24807046,3
"3636",24807573,3
"3637",24810399,3
"3638",24811402,1
"3639",24814412,2
"3640",24816690,1
"3641",24818052,2
"3642",24820640,3
"3643",24823575,3
"3644",24823829,1
"3645",24824761,3
"3646",24824820,1
"3647",24825243,3
"3648",24825349,3
"3649",24825478,3
"3650",24825854,3
"3651",24828120,3
"3652",24828498,2
"3653",24829835,1
"3654",24829952,1
"3655",24831701,2
"3656",24832908,3
"3657",24838204,3
"3658",24838336,3
"3659",24839336,1
"3660",24841440,3
"3661",24841472,3
"3662",24842780,3
"3663",24842835,3
"3664",24842852,2
"3665",24843112,3
"3666",24846670,1
"3667",24847452,3
"3668",24852534,3
"3669",24855740,3
"3670",24856528,3
"3671",24858318,3
"3672",24862080,3
"3673",24862212,3
"3674",24862345,2
"3675",24864114,3
"3676",24865315,3
"3677",24865703,3
"3678",24867092,2
"3679",24867622,3
"3680",24869368,1
"3681",24869577,3
"3682",24869898,3
"3683",24869901,1
"3684",24871221,3
"3685",24872718,3
"3686",24874894,1
"3687",24876075,3
"3688",24876597,3
"3689",24877327,1
"3690",24879408,3
"3691",24881762,3
"3692",24883447,1
"3693",24892225,1
"3694",24893906,2
"3695",24894909,3
"3696",24896716,3
"3697",24900993,3
"3698",24904141,1
"3699",24904213,1
"3700",24909421,3
"3701",24915449,1
"3702",24921408,1
"3703",24923057,1
"3704",24924535,3
"3705",24927338,3
"3706",24928584,2
"3707",24929429,1
"3708",24929430,3
"3709",24929595,3
"3710",24931318,3
"3711",24932139,3
"3712",24935924,2
"3713",24939687,1
"3714",24939995,3
"3715",24943322,1
"3716",24943338,3
"3717",24944994,1
"3718",24945242,1
"3719",24945476,1
"3720",24946247,2
"3721",24946891,3
"3722",24947392,1
"3723",24947598,2
"3724",24947665,3
"3725",24949636,1
"3726",24950262,3
"3727",24951333,3
"3728",24952058,3
"3729",24952627,3
"3730",24952760,2
"3731",24952786,3
"3732",24957315,3
"3733",24960164,1
"3734",24961949,3
"3735",24963821,1
"3736",24966022,3
"3737",24966517,1
"3738",24971454,3
"3739",24973005,3
"3740",24975206,1
"3741",24995197,1
"3742",25118256,1
"3743",25118621,3
"3744",25118779,1
"3745",25126142,3
"3746",25129977,3
"3747",25131380,3
"3748",25134855,1
"3749",25134900,2
"3750",25136207,3
"3751",25136452,3
"3752",25136828,3
"3753",25137515,3
"3754",25138754,3
"3755",25139593,3
"3756",25142698,1
"3757",25143821,1
"3758",25144626,3
"3759",25145172,1
"3760",25146385,1
"3761",25147088,3
"3762",25147355,2
"3763",25147988,1
"3764",25150340,1
"3765",25151437,1
"3766",25152934,1
"3767",25155357,3
"3768",25158644,3
"3769",25160786,1
"3770",25164241,1
"3771",25165260,3
"3772",25171145,3
"3773",25174449,3
"3774",25178149,1
"3775",25179375,2
"3776",25179600,3
"3777",25182357,1
"3778",25186440,3
"3779",25188797,3
"3780",25188867,3
"3781",25191537,2
"3782",25192347,3
"3783",25192915,2
"3784",25196601,3
"3785",25197754,2
"3786",25198232,3
"3787",25199260,3
"3788",25200364,3
"3789",25202529,3
"3790",25203938,2
"3791",25204775,3
"3792",25205269,2
"3793",25205824,1
"3794",25207086,1
"3795",25207325,1
"3796",25209222,1
"3797",25209594,3
"3798",25210330,3
"3799",25212098,3
"3800",25214138,2
"3801",25218360,3
"3802",25218546,1
"3803",25219724,1
"3804",25221292,1
"3805",25226389,1
"3806",25229822,1
"3807",25234715,1
"3808",25235214,3
"3809",25239117,3
"3810",25245472,3
"3811",25247733,1
"3812",25250574,3
"3813",25251127,3
"3814",25251575,3
"3815",25253659,1
"3816",25254224,1
"3817",25254272,3
"3818",25256016,3
"3819",25256331,1
"3820",25258024,1
"3821",25261294,3
"3822",25262129,3
"3823",25262550,3
"3824",25263478,3
"3825",25265301,3
"3826",25266819,3
"3827",25268989,3
"3828",25270371,3
"3829",25275021,1
"3830",25275893,1
"3831",25277348,1
"3832",25278884,3
"3833",25280536,3
"3834",25280550,2
"3835",25281128,2
"3836",25281838,3
"3837",25282690,1
"3838",25282768,2
"3839",25283265,1
"3840",25283362,1
"3841",25284583,3
"3842",25288037,3
"3843",25288157,3
"3844",25290778,1
"3845",25297836,3
"3846",25298299,1
"3847",25299804,1
"3848",25301648,2
"3849",25302121,1
"3850",25308033,1
"3851",25308034,2
"3852",25308329,3
"3853",25308488,1
"3854",25311131,3
"3855",25311154,3
"3856",25311196,1
"3857",25311340,3
"3858",25311409,3
"3859",25311714,3
"3860",25312620,2
"3861",25314010,3
"3862",25314151,3
"3863",25321683,3
"3864",25322749,1
"3865",25324165,1
"3866",25324659,2
"3867",25326413,3
"3868",25335347,1
"3869",25337949,3
"3870",25338625,3
"3871",25338907,1
"3872",25339187,3
"3873",25339429,3
"3874",25341039,2
"3875",25348947,1
"3876",25349932,2
"3877",25350942,2
"3878",25352228,3
"3879",25352358,1
"3880",25352569,2
"3881",25352834,3
"3882",25352969,2
"3883",25353201,1
"3884",25353346,3
"3885",25354218,2
"3886",25355835,1
"3887",25357802,1
"3888",25358062,1
"3889",25359095,3
"3890",25360101,1
"3891",25368068,3
"3892",25369263,3
"3893",25370135,1
"3894",25370436,1
"3895",25372418,1
"3896",25372833,3
"3897",25375117,3
"3898",25378187,2
"3899",25380004,3
"3900",25380792,1
"3901",25386026,3
"3902",25386289,3
"3903",25387081,1
"3904",25390798,3
"3905",25395231,1
"3906",25395664,2
"3907",25396916,3
"3908",25399680,3
"3909",25400241,3
"3910",25401474,1
"3911",25401612,2
"3912",25404464,3
"3913",25404594,1
"3914",25409062,1
"3915",25411394,3
"3916",25411659,1
"3917",25412208,3
"3918",25414401,1
"3919",25425080,1
"3920",25425687,3
"3921",25426053,3
"3922",25428229,3
"3923",25428461,3
"3924",25429369,2
"3925",25431397,1
"3926",25433964,1
"3927",25434979,3
"3928",25435973,3
"3929",25436862,3
"3930",25437499,1
"3931",25438246,1
"3932",25438554,3
"3933",25440037,3
"3934",25440924,1
"3935",25443889,3
"3936",25445294,3
"3937",25445357,1
"3938",25446449,1
"3939",25451106,1
"3940",25453187,1
"3941",25454030,1
"3942",25458008,1
"3943",25461158,3
"3944",25463083,2
"3945",25465054,3
"3946",25465767,1
"3947",25466032,1
"3948",25466511,3
"3949",25474980,2
"3950",25481405,1
"3951",25482600,1
"3952",25482605,1
"3953",25484886,1
"3954",25488953,1
"3955",25489246,1
"3956",25489409,2
"3957",25489502,3
"3958",25489818,1
"3959",25490329,1
"3960",25491881,1
"3961",25493455,1
"3962",25494168,3
"3963",25502326,3
"3964",25504765,3
"3965",25504964,3
"3966",25505112,1
"3967",25509093,1
"3968",25514925,3
"3969",25517896,3
"3970",25518908,3
"3971",25519861,3
"3972",25520622,1
"3973",25523642,3
"3974",25525213,3
"3975",25525411,1
"3976",25528395,1
"3977",25529130,1
"3978",25531514,3
"3979",25533109,1
"3980",25534188,3
"3981",25535623,3
"3982",25535629,1
"3983",25538348,2
"3984",25539712,3
"3985",25539750,1
"3986",25540217,3
"3987",25540249,3
"3988",25540366,1
"3989",25541956,3
"3990",25543455,3
"3991",25544222,2
"3992",25544614,3
"3993",25544655,1
"3994",25544917,3
"3995",25548706,3
"3996",25549113,3
"3997",25549120,3
"3998",25550704,3
"3999",25552167,3
"4000",25553752,3
"4001",25554220,1
"4002",25555798,3
"4003",25555806,1
"4004",25557092,1
"4005",25559301,1
"4006",25559308,1
"4007",25561296,1
"4008",25565415,1
"4009",25567546,2
"4010",25570744,3
"4011",25570770,3
"4012",25570879,1
"4013",25573215,1
"4014",25573709,3
"4015",25573921,1
"4016",25574713,3
"4017",25575895,1
"4018",25577625,3
"4019",25578328,3
"4020",25578734,2
"4021",25580561,1
"4022",25580678,2
"4023",25582088,3
"4024",25582531,1
"4025",25582590,2
"4026",25583035,3
"4027",25583102,3
"4028",25584598,3
"4029",25586402,1
"4030",25587975,3
"4031",25588272,2
"4032",25589057,3
"4033",25591972,1
"4034",25592722,1
"4035",25592774,1
"4036",25592884,1
"4037",25593184,1
"4038",25595024,3
"4039",25595710,1
"4040",25596865,1
"4041",25596975,1
"4042",25596979,1
"4043",25597383,1
"4044",25597391,1
"4045",25599272,1
"4046",25601905,3
"4047",25605050,1
"4048",25605729,1
"4049",25606160,1
"4050",25608712,1
"4051",25609166,1
"4052",25609218,1
"4053",25609875,1
"4054",25611605,1
"4055",25614603,3
"4056",25614800,3
"4057",25615194,3
"4058",25617000,1
"4059",25617077,1
"4060",25618202,1
"4061",25618930,1
"4062",25619440,3
"4063",25620575,1
"4064",25620679,1
"4065",25621467,1
"4066",25621497,1
"4067",25622668,3
"4068",25623569,2
"4069",25624769,2
"4070",25626388,1
"4071",25630643,3
"4072",25632580,1
"4073",25632838,1
"4074",25633038,3
"4075",25634603,1
"4076",25635612,3
"4077",25640819,3
"4078",25642060,1
"4079",25643869,1
"4080",25645989,3
"4081",25657890,1
"4082",25659830,1
"4083",25665169,1
"4084",25665426,1
"4085",25665768,1
"4086",25665820,1
"4087",25666554,1
"4088",25669633,1
"4089",25672386,1
"4090",25672530,3
"4091",25678828,1
"4092",25681020,1
"4093",25682250,1
"4094",25683859,3
"4095",25684154,3
"4096",25685050,1
"4097",25686219,1
"4098",25686670,1
"4099",25697294,1
"4100",25697591,1
"4101",25697600,1
"4102",25699701,1
"4103",25702460,1
"4104",25710718,3
"4105",25714179,3
"4106",25716394,3
"4107",25717666,3
"4108",25718250,1
"4109",25723813,2
"4110",25723989,1
"4111",25724212,1
"4112",25724266,1
"4113",25726521,2
"4114",25726989,3
"4115",25727126,1
"4116",25727233,1
"4117",25728518,3
"4118",25729375,1
"4119",25736684,1
"4120",25739323,1
"4121",25748674,2
"4122",25753724,1
"4123",25753802,1
"4124",25773497,3
"4125",25775099,1
"4126",25775173,1
"4127",25778828,3
"4128",25783125,2
"4129",25794165,1
"4130",25795210,3
"4131",25797673,3
"4132",25816220,3
"4133",25838972,3
"4134",25846983,1
"4135",25855315,1
"4136",25858076,3
"4137",25859636,3
"4138",25859759,3
"4139",25860443,3
"4140",25860882,3
"4141",25890913,1
"4142",25891047,1
"4143",25891309,1
"4144",25891572,3
"4145",25892454,1
"4146",25894617,1
"4147",25897178,3
"4148",25899560,1
"4149",25901099,1
"4150",25905388,3
"4151",25905389,3
"4152",25905739,3
"4153",25906759,3
"4154",25907318,2
"4155",25913364,3
"4156",25913784,1
"4157",25913860,3
"4158",25919779,1
"4159",25919891,1
"4160",25919900,3
"4161",25920373,3
"4162",25920437,3
"4163",25923896,1
"4164",25927194,3
"4165",25927682,3
"4166",25928273,3
"4167",25930184,1
"4168",25930831,1
"4169",25935616,3
"4170",25940317,3
"4171",25941749,3
"4172",25942397,3
"4173",25943269,1
"4174",25944025,3
"4175",25946288,1
"4176",25946844,1
"4177",25953097,3
"4178",25953236,1
"4179",25956804,3
"4180",25959346,3
"4181",25962554,3
"4182",25962716,1
"4183",25962760,3
"4184",25962846,1
"4185",25966681,3
"4186",25967855,3
"4187",25968040,1
"4188",25971084,3
"4189",25972862,3
"4190",25972916,1
"4191",25975234,1
"4192",25975999,3
"4193",25978288,3
"4194",25979134,3
"4195",25983777,1
"4196",25986044,3
"4197",25986386,3
"4198",25987561,3
"4199",25989205,2
"4200",25991925,1
"4201",25997229,3
"4202",25999888,2
"4203",26004574,3
"4204",26009942,3
"4205",26013776,1
"4206",26014311,1
"4207",26014498,3
"4208",26017709,3
"4209",26019340,1
"4210",26020151,3
"4211",26020168,3
"4212",26020325,1
"4213",26021740,3
"4214",26024302,3
"4215",26025347,3
"4216",26030885,3
"4217",26035485,1
"4218",26038335,3
"4219",26038564,2
"4220",26039033,3
"4221",26039542,3
"4222",26042708,1
"4223",26043424,1
"4224",26045806,3
"4225",26049564,3
"4226",26050224,1
"4227",26050277,3
"4228",26052746,2
"4229",26054788,3
"4230",26055176,3
"4231",26069406,2
"4232",26069485,2
"4233",26069680,3
"4234",26071763,3
"4235",26073250,1
"4236",26075019,3
"4237",26075223,2
"4238",26077736,3
"4239",26080029,2
"4240",26086636,1
"4241",26086641,1
"4242",26087003,2
"4243",26090493,1
"4244",26092970,3
"4245",26095105,3
"4246",26096179,3
"4247",26103034,3
"4248",26103925,3
"4249",26104265,3
"4250",26112799,1
"4251",26113336,1
"4252",26114303,3
"4253",26122812,3
"4254",26122843,1
"4255",26127889,3
"4256",26128060,3
"4257",26129562,3
"4258",26132660,3
"4259",26135002,3
"4260",26138999,1
"4261",26139683,3
"4262",26140996,1
"4263",26142441,1
"4264",26145792,3
"4265",26151852,3
"4266",26152849,1
"4267",26154378,3
"4268",26154779,1
"4269",26154985,3
"4270",26155931,1
"4271",26157599,3
"4272",26158193,3
"4273",26158616,3
"4274",26164077,1
"4275",26165981,1
"4276",26171047,3
"4277",26175502,3
"4278",26176904,1
"4279",26177681,3
"4280",26178479,2
"4281",26179281,3
"4282",26181020,3
"4283",26181802,3
"4284",26182343,2
"4285",26184712,1
"4286",26186288,3
"4287",26186684,3
"4288",26187447,3
"4289",26188036,1
"4290",26188432,1
"4291",26192019,1
"4292",26194624,1
"4293",26200560,3
"4294",26203312,3
"4295",26206898,1
"4296",26209162,1
"4297",26209412,1
"4298",26211566,3
"4299",26213940,3
"4300",26214317,3
"4301",26216104,1
"4302",26216874,3
"4303",26217302,3
"4304",26226255,3
"4305",26226280,3
"4306",26227004,3
"4307",26229866,1
"4308",26233510,1
"4309",26235370,3
"4310",26235396,1
"4311",26236871,3
"4312",26242351,1
"4313",26242500,3
"4314",26244226,1
"4315",26247229,3
"4316",26248320,3
"4317",26248531,3
"4318",26249654,3
"4319",26250840,3
"4320",26251999,3
"4321",26254204,1
"4322",26255714,3
"4323",26257375,1
"4324",26258005,1
"4325",26258161,3
"4326",26263933,1
"4327",26264458,3
"4328",26266883,3
"4329",26269825,3
"4330",26270419,2
"4331",26272461,1
"4332",26272720,1
"4333",26272880,1
"4334",26275711,1
"4335",26276415,2
"4336",26280025,3
"4337",26280188,3
"4338",26282930,1
"4339",26283048,1
"4340",26284433,2
"4341",26288455,3
"4342",26288795,3
"4343",26289048,2
"4344",26294874,3
"4345",26295666,3
"4346",26297141,1
"4347",26297370,1
"4348",26297552,1
"4349",26298088,1
"4350",26298592,1
"4351",26304461,1
"4352",26305532,3
"4353",26307051,2
"4354",26310477,3
"4355",26311413,1
"4356",26311426,3
"4357",26312123,1
"4358",26316997,2
"4359",26319296,3
"4360",26320968,1
"4361",26320975,1
"4362",26321784,3
"4363",26331884,1
"4364",26333656,3
"4365",26335577,3
"4366",26336419,1
"4367",26339702,1
"4368",26357148,3
"4369",26357637,1
"4370",26386122,3
"4371",26388102,3
"4372",26391421,3
"4373",26393323,1
"4374",26394924,1
"4375",26398200,3
"4376",26398672,3
"4377",26402426,1
"4378",26403655,3
"4379",26405563,3
"4380",26411524,3
"4381",26415585,1
"4382",26417167,1
"4383",26420317,3
"4384",26421624,1
"4385",26425733,3
"4386",26426240,1
"4387",26428985,1
"4388",26435689,3
"4389",26437943,1
"4390",26438682,1
"4391",26439939,3
"4392",26449079,1
"4393",26451044,1
"4394",26460167,3
"4395",26460381,2
"4396",26461065,1
"4397",26462338,3
"4398",26464000,1
"4399",26464205,1
"4400",26464252,1
"4401",26469920,3
"4402",26475144,1
"4403",26480882,3
"4404",26481283,2
"4405",26484936,1
"4406",26491051,1
"4407",26491889,1
"4408",26492170,1
"4409",26500383,3
"4410",26504672,1
"4411",26506392,3
"4412",26509165,2
"4413",26512514,1
"4414",26514230,2
"4415",26517746,2
"4416",26520062,1
"4417",26536348,3
"4418",26536387,1
"4419",26537619,3
"4420",26547227,1
"4421",26547321,1
"4422",26548254,2
"4423",26551374,1
"4424",26557624,3
"4425",26560917,1
"4426",26567203,1
"4427",26570593,3
"4428",26572506,3
"4429",26573277,3
"4430",26575270,1
"4431",26579990,1
"4432",26583350,2
"4433",26586915,3
"4434",26594997,1
"4435",26598971,1
"4436",26599257,3
"4437",26603260,1
"4438",26605318,3
"4439",26610719,1
"4440",26613088,1
"4441",26617120,1
"4442",26617195,1
"4443",26618210,3
"4444",26619482,1
"4445",26619555,1
"4446",26621387,1
"4447",26621752,3
"4448",26621966,3
"4449",26623025,1
"4450",26625557,1
"4451",26627111,2
"4452",26627164,1
"4453",26627846,1
"4454",26628838,3
"4455",26629491,1
"4456",26630039,1
"4457",26635023,3
"4458",26640740,2
"4459",26643967,1
"4460",26654478,1
"4461",26654782,3
"4462",26659060,3
"4463",26665384,3
"4464",26668117,3
"4465",26669281,3
"4466",26672387,2
"4467",26672493,1
"4468",26678230,1
"4469",26683319,3
"4470",26683768,1
"4471",26689559,1
"4472",26689796,1
"4473",26694252,1
"4474",26695339,1
"4475",26696007,3
"4476",26699130,3
"4477",26699135,3
"4478",26702295,1
"4479",26703058,3
"4480",26703267,1
"4481",26704522,1
"4482",26709141,3
"4483",26709457,3
"4484",26709491,1
"4485",26712431,3
"4486",26713767,3
"4487",26716861,3
"4488",26722500,1
"4489",26723464,1
"4490",26725947,1
"4491",26727065,1
"4492",26728503,1
"4493",26729061,1
"4494",26730762,3
"4495",26732511,1
"4496",26732889,3
"4497",26741561,3
"4498",26741813,1
"4499",26743829,2
"4500",26745280,1
"4501",26749546,3
"4502",26750591,1
"4503",26754514,1
"4504",26754751,1
"4505",26755085,1
"4506",26761825,1
"4507",26763906,1
"4508",26766544,1
"4509",26775615,2
"4510",26778429,1
"4511",26780012,1
"4512",26780585,1
"4513",26781487,1
"4514",26788358,1
"4515",26793683,1
"4516",26795166,2
"4517",26799149,1
"4518",26802427,3
"4519",26803361,3
"4520",26804889,1
"4521",26805976,3
"4522",26806601,1
"4523",26814488,1
"4524",26817689,3
"4525",26818484,1
"4526",26819089,1
"4527",26826553,3
"4528",26827677,3
"4529",26828099,3
"4530",26829556,3
"4531",26829778,1
"4532",50858893,1
"4533",50858915,1
"4534",50858917,1
"4535",50859074,1
"4536",50859118,1
"4537",50859168,1
"4538",50859183,1
"4539",50859272,1
"4540",50859273,1
"4541",50859307,1
"4542",50859316,1
"4543",50860235,1
"4544",50860417,1
"4545",50860494,1
"4546",50860609,1
"4547",50860642,1
"4548",50860690,1
"4549",50860916,1
"4550",50860918,1
"4551",50860976,1
"4552",50860980,1
"4553",50861059,1
"4554",50861679,1
"4555",50861702,3
"4556",50861713,1
"4557",50861811,1
"4558",50861822,1
"4559",50861826,1
"4560",50861919,1
"4561",50862014,1
"4562",50862073,1
"4563",50862155,1
"4564",50862171,3
"4565",50862230,1
"4566",50862255,1
"4567",50862264,1
"4568",50862265,1
"4569",50862288,1
"4570",50862349,1
"4571",50862385,1
"4572",50863127,1
"4573",50863411,1
"4574",50863438,1
"4575",50863449,1
"4576",50863456,1
"4577",50863490,1
"4578",50863539,1
"4579",50863545,1
"4580",50863546,1
"4581",50863559,3
"4582",50863693,1
"4583",50863707,1
"4584",50863763,1
"4585",50863791,1
"4586",50863797,1
"4587",50863810,1
"4588",50863826,1
"4589",50863836,1
"4590",50863848,1
"4591",50863878,1
"4592",50863920,1
"4593",50864625,3
"4594",50864751,1
"4595",50864854,1
"4596",50864862,1
"4597",50864899,1
"4598",50865016,1
"4599",50865060,1
"4600",50865066,1
"4601",50865218,1
"4602",50865296,1
"4603",50865478,1
"4604",50865510,1
"4605",50865519,1
"4606",50865791,1
"4607",50865851,1
"4608",50865937,1
"4609",50866189,1
"4610",50866228,1
"4611",50866288,3
"4612",50866310,3
"4613",50866498,1
"4614",50866517,1
"4615",50866993,1
"4616",50866995,1
"4617",50867031,1
"4618",50867036,1
"4619",50867164,1
"4620",50867388,3
"4621",50867757,1
"4622",50867848,1
"4623",50867856,1
"4624",50868314,1
"4625",50868325,1
"4626",50868368,1
"4627",50868401,1
"4628",50868404,1
"4629",50868409,1
"4630",50868669,1
"4631",50869051,1
"4632",50869357,1
"4633",50869492,1
"4634",50869545,3
"4635",50869552,1
"4636",50869649,1
"4637",50869656,3
"4638",50869683,3
"4639",50870149,1
"4640",50870259,1
"4641",50870400,1
"4642",50870531,1
"4643",50870602,1
"4644",50870726,1
"4645",50870792,1
"4646",50870957,1
"4647",50871712,1
"4648",50871789,1
"4649",50871844,1
"4650",50871853,1
"4651",50871901,1
"4652",50871978,1
"4653",50871990,1
"4654",50872392,1
"4655",50872673,1
"4656",50872798,1
"4657",50872922,1
"4658",50872953,1
"4659",50873024,1
"4660",50873231,1
"4661",50873353,1
"4662",50873372,1
"4663",50873394,1
"4664",50873460,1
"4665",50873469,1
"4666",50873476,1
"4667",50873512,1
"4668",50873514,1
"4669",50873525,1
"4670",50873566,1
"4671",50873578,1
"4672",50873582,1
"4673",50873600,1
"4674",50874550,1
"4675",50874698,1
"4676",50874784,1
"4677",50874806,1
"4678",50874835,1
"4679",50874858,3
"4680",50874886,1
"4681",50874888,1
"4682",50874967,1
"4683",50874971,1
"4684",50875142,3
"4685",50875499,1
"4686",50875820,1
"4687",50875951,1
"4688",50876154,1
"4689",50876156,1
"4690",50876157,1
"4691",50876201,1
"4692",50876219,1
"4693",50876241,1
"4694",50876316,3
"4695",50876457,1
"4696",50876516,1
"4697",50876544,3
"4698",50876574,1
"4699",50876575,1
"4700",50876585,1
"4701",50876616,1
"4702",50876686,1
"4703",50876724,1
"4704",50876807,1
"4705",50876814,1
"4706",50876905,3
"4707",50876926,1
"4708",50876947,1
"4709",50876975,1
"4710",50877015,1
"4711",50877042,3
"4712",50877086,1
"4713",50877087,1
"4714",50877136,1
"4715",50877138,1
"4716",50877158,1
"4717",50877179,1
"4718",50877320,1
"4719",50877394,1
"4720",50877486,1
"4721",50877534,3
"4722",50877562,1
"4723",50877563,1
"4724",50877617,1
"4725",50877640,1
"4726",50877707,1
"4727",50877806,1
"4728",50877809,1
"4729",50877814,1
"4730",50877822,1
"4731",50877887,1
"4732",50877897,1
"4733",50877950,1
"4734",50877965,1
"4735",50877970,3
"4736",50878019,3
"4737",50878049,1
"4738",50878063,1
"4739",50878079,1
"4740",50878099,1
"4741",50878108,1
"4742",50878116,1
"4743",50878127,1
"4744",50878246,1
"4745",50878250,1
"4746",50878298,1
"4747",50878327,1
"4748",50878334,1
"4749",50878412,1
"4750",50878657,1
"4751",50878798,1
"4752",50878869,1
"4753",50878906,1
"4754",50879333,1
"4755",50879825,1
"4756",50879847,1
"4757",50879937,1
"4758",50879957,1
"4759",50879971,1
"4760",50879989,1
"4761",50879998,1
"4762",50880199,1
"4763",50880252,3
"4764",50880341,1
"4765",50880740,1
"4766",50880782,1
"4767",50880867,1
"4768",50880875,1
"4769",50880968,1
"4770",50880982,1
"4771",50881043,1
"4772",50881238,1
"4773",50881377,1
"4774",50881409,1
"4775",50881499,1
"4776",50881500,1
"4777",50881529,1
"4778",50881553,1
"4779",50881667,1
"4780",50881702,1
"4781",50888381,3
"4782",50888480,1
"4783",50888519,1
"4784",50888606,1
"4785",50888736,1
"4786",50888805,1
"4787",50888833,1
"4788",50888844,1
"4789",50888865,1
"4790",50888881,1
"4791",50888883,1
"4792",50888887,1
"4793",50888916,1
"4794",50888966,1
"4795",50889016,1
"4796",50889020,1
"4797",50889044,1
"4798",50889045,1
"4799",50889046,1
"4800",50889067,1
"4801",50889300,1
"4802",50889467,1
"4803",50889532,1
"4804",50889543,1
"4805",50889575,1
"4806",50889631,1
"4807",50889660,1
"4808",50889684,1
"4809",50889700,1
"4810",50889715,1
"4811",50889728,1
"4812",50889746,1
"4813",50889752,1
"4814",50889801,1
"4815",50889814,1
"4816",50889861,3
"4817",50889923,1
"4818",50889927,1
"4819",50889928,1
"4820",50889943,1
"4821",50889964,1
"4822",50890011,1
"4823",50890137,1
"4824",50890156,1
"4825",50890205,1
"4826",50890255,1
"4827",50890256,1
"4828",50890326,1
"4829",50890343,1
"4830",50890608,3
"4831",50890718,1
"4832",50890724,1
"4833",50890795,1
"4834",50890841,1
"4835",50890875,1
"4836",50891452,1
"4837",50892080,1
"4838",50892107,1
"4839",50894647,1
"4840",50894666,1
"4841",50894785,1
"4842",50894791,1
"4843",50894870,1
"4844",50894919,1
"4845",50894929,1
"4846",50894931,1
"4847",50895081,1
"4848",50895121,1
"4849",50895185,1
"4850",50895200,3
"4851",50895219,1
"4852",50895238,1
"4853",50895254,1
"4854",50895257,1
"4855",50895274,1
"4856",50895279,1
"4857",50895299,1
"4858",50895419,1
"4859",50895466,1
"4860",50895508,1
"4861",50895591,1
"4862",50896975,1
"4863",50897765,1
"4864",50897772,1
"4865",50897774,1
"4866",50897829,1
"4867",50897941,3
"4868",50897999,3
"4869",50898396,1
"4870",50898456,1
"4871",50898461,1
"4872",50898537,1
"4873",50898545,1
"4874",50898551,1
"4875",50898721,1
"4876",50898731,1
"4877",50898743,1
"4878",50898757,1
"4879",50898811,1
"4880",50898927,1
"4881",50898997,3
"4882",50899452,1
"4883",50899501,1
"4884",50899511,1
"4885",50899516,1
"4886",50899533,1
"4887",50899564,1
"4888",50900045,1
"4889",50900089,1
"4890",50900101,1
"4891",50902588,1
"4892",50903353,3
"4893",50903406,1
"4894",50903533,1
"4895",50903560,1
"4896",50903612,1
"4897",50904086,1
"4898",50904127,1
"4899",50904197,3
"4900",50904741,1
"4901",50904835,1
"4902",50904931,1
"4903",50904967,1
"4904",50905143,1
"4905",50905373,1
"4906",50905616,1
"4907",50905662,1
"4908",50905721,1
"4909",50905722,1
"4910",50905872,1
"4911",50905964,1
"4912",50906524,1
"4913",50906626,1
"4914",50908128,1
"4915",50908133,1
"4916",50908158,1
"4917",50908184,1
"4918",50908187,1
"4919",50908205,1
"4920",50908354,1
"4921",50908414,1
"4922",50908592,1
"4923",50908593,1
"4924",50909042,1
"4925",50909045,1
"4926",50909073,1
"4927",50909159,1
"4928",50909162,1
"4929",50909213,3
"4930",50909670,3
"4931",50910502,1
"4932",50912777,1
"4933",50912788,1
"4934",50913696,1
"4935",50913796,1
"4936",50913798,1
"4937",50915694,1
"4938",50917799,1
"4939",50918333,1
"4940",50918348,1
"4941",50918368,1
"4942",50918428,1
"4943",50918461,1
"4944",50918508,1
"4945",50918512,1
"4946",50918774,1
"4947",50918831,1
"4948",50918852,1
"4949",50918855,1
"4950",50918863,1
"4951",50918893,1
"4952",50918907,1
"4953",50918917,1
"4954",50918920,1
"4955",50918933,1
"4956",50918965,1
"4957",50919146,1
"4958",50920636,1
"4959",50923468,1
"4960",50923476,1
"4961",50923489,1
"4962",50923812,1
"4963",50923942,1
"4964",50923947,1
"4965",50924021,1
"4966",50924026,1
"4967",50924031,1
"4968",50924088,1
"4969",50924129,1
"4970",50924158,1
"4971",50924173,1
"4972",50924561,1
"4973",50924568,1
"4974",50924570,1
"4975",50924583,1
"4976",50924605,1
"4977",50924617,1
"4978",50924625,1
"4979",50924731,1
"4980",50924736,1
"4981",50924926,1
"4982",50924929,1
"4983",50924948,1
"4984",50924999,1
"4985",50925019,1
"4986",50925182,1
"4987",50925243,1
"4988",50925251,1
"4989",50925615,1
"4990",50925618,1
"4991",50925753,1
"4992",50925884,1
"4993",50926404,1
"4994",50926473,1
"4995",50926501,1
"4996",50926611,1
"4997",50926620,1
"4998",50928025,1
"4999",50928855,1
"5000",50928992,1
