"","features.fire_fly_id","FINALREF_FIT.cluster"
"1",157602,3
"2",163342,3
"3",164038,2
"4",172341,3
"5",186718,3
"6",202085,2
"7",222970,3
"8",249430,2
"9",263422,1
"10",284009,3
"11",295112,4
"12",445409,4
"13",584489,4
"14",586691,3
"15",587257,2
"16",587720,2
"17",588023,3
"18",588103,3
"19",588570,3
"20",588817,3
"21",591589,4
"22",593549,1
"23",595732,3
"24",596728,1
"25",597631,3
"26",599515,2
"27",601268,3
"28",602764,3
"29",606912,3
"30",614148,1
"31",634625,3
"32",637614,3
"33",638866,2
"34",639500,1
"35",646505,3
"36",648409,3
"37",2361483,4
"38",2386543,2
"39",2388932,4
"40",2394169,4
"41",2394994,3
"42",2397084,3
"43",2400082,3
"44",2403751,2
"45",2420606,3
"46",2423488,3
"47",2435362,3
"48",2437974,3
"49",2444124,3
"50",2464248,2
"51",2470105,3
"52",2474781,2
"53",2479826,4
"54",2480960,2
"55",2483323,4
"56",2490732,4
"57",2494201,3
"58",2511770,3
"59",2513569,2
"60",2524238,4
"61",2528788,2
"62",2537533,3
"63",2538923,3
"64",2541061,3
"65",2547093,3
"66",2550216,4
"67",2550733,3
"68",2554287,2
"69",2561437,4
"70",2601448,2
"71",2603094,3
"72",2606287,3
"73",2606601,3
"74",2607294,2
"75",2611706,2
"76",2621764,2
"77",2629405,3
"78",2630258,1
"79",2638702,3
"80",2639125,3
"81",2642052,3
"82",2650872,4
"83",2653307,3
"84",2660604,3
"85",2672800,3
"86",2685312,2
"87",2685503,3
"88",2687404,3
"89",2688060,3
"90",2692656,1
"91",2693121,3
"92",2695914,3
"93",2696336,3
"94",2698184,3
"95",2700683,3
"96",2701734,3
"97",2702483,2
"98",2702865,3
"99",2704708,3
"100",2707029,4
"101",2710940,4
"102",2712607,3
"103",2725581,3
"104",2732435,3
"105",2733541,3
"106",2734627,3
"107",2735876,4
"108",2756368,2
"109",2758674,1
"110",2765622,3
"111",2770543,2
"112",2776045,3
"113",2778618,3
"114",2786821,4
"115",2792078,2
"116",2806513,2
"117",2811929,3
"118",2814943,2
"119",2821276,2
"120",2821675,3
"121",2834446,3
"122",2834990,3
"123",2853377,3
"124",2855340,2
"125",2865352,4
"126",2869006,2
"127",2873980,2
"128",2875288,1
"129",2875498,3
"130",2875814,3
"131",2877060,4
"132",2878031,3
"133",2878485,3
"134",2880996,3
"135",2885121,3
"136",2892953,4
"137",2902537,2
"138",2908577,3
"139",2916407,3
"140",2944976,3
"141",2953589,3
"142",2953991,2
"143",2958764,3
"144",2965416,4
"145",2966771,3
"146",2969646,3
"147",2970610,3
"148",2986148,4
"149",2986923,3
"150",2996511,3
"151",3008370,4
"152",3012151,4
"153",3012376,2
"154",3016748,2
"155",3018651,4
"156",3021451,3
"157",3028843,2
"158",3034002,3
"159",3035612,3
"160",3036403,2
"161",3064824,2
"162",3065097,2
"163",3067510,3
"164",3088933,3
"165",3090320,2
"166",3105488,2
"167",3112401,4
"168",3145943,3
"169",3149644,3
"170",3150918,4
"171",3151121,4
"172",3152213,3
"173",3152947,3
"174",3152986,2
"175",3153062,4
"176",3153429,3
"177",3153597,3
"178",3155230,3
"179",3155295,4
"180",3155398,3
"181",3155555,3
"182",3155560,4
"183",3155581,4
"184",3155623,3
"185",3155705,3
"186",3155718,3
"187",3155731,3
"188",3155777,3
"189",3155850,3
"190",3160086,3
"191",3160339,4
"192",3160445,4
"193",3160477,3
"194",3160512,4
"195",3160561,4
"196",3160706,2
"197",3160755,2
"198",3160763,4
"199",3160805,2
"200",3160816,3
"201",3160845,3
"202",3160892,2
"203",3161220,4
"204",3161349,2
"205",3161355,3
"206",3161375,4
"207",3161401,3
"208",3161412,3
"209",3161416,4
"210",3161595,2
"211",3161707,3
"212",3161713,3
"213",3161833,2
"214",3162002,3
"215",3162050,3
"216",3162129,3
"217",3162203,2
"218",3162213,2
"219",3162244,3
"220",3162261,3
"221",3162347,3
"222",3162357,2
"223",3162358,3
"224",3162376,3
"225",3162413,3
"226",3162416,4
"227",3162432,3
"228",3162486,1
"229",3162504,3
"230",3162551,4
"231",3162625,3
"232",3162686,3
"233",3162706,3
"234",3162731,3
"235",3162773,3
"236",3162807,3
"237",3162856,4
"238",3162894,4
"239",3162933,2
"240",3162981,3
"241",3163064,1
"242",3163085,3
"243",3163135,4
"244",3163136,1
"245",3163345,2
"246",3163496,3
"247",3163541,3
"248",3163622,3
"249",3163666,3
"250",3163789,3
"251",3163897,3
"252",3163930,4
"253",3163988,2
"254",3164032,2
"255",3164061,4
"256",3164165,3
"257",3164171,2
"258",3164303,3
"259",3164304,4
"260",3164343,3
"261",3164391,3
"262",3164410,4
"263",3164507,3
"264",3164628,3
"265",3164758,4
"266",3164787,4
"267",3164799,2
"268",3164904,2
"269",3165041,4
"270",3165086,4
"271",3165112,2
"272",3165291,2
"273",3165325,1
"274",3165336,1
"275",3165344,1
"276",3165397,4
"277",3165416,2
"278",3165421,2
"279",3165554,1
"280",3165618,4
"281",3165696,4
"282",3165721,3
"283",3165736,4
"284",3165752,1
"285",3165848,2
"286",3166029,3
"287",3166046,1
"288",3166212,4
"289",3166219,3
"290",3166222,3
"291",3166338,3
"292",3166462,1
"293",3166537,3
"294",3166569,3
"295",3166692,2
"296",3166912,2
"297",3166991,3
"298",3167030,3
"299",3167138,3
"300",3167180,3
"301",3167234,2
"302",3167244,4
"303",3167333,2
"304",3167335,3
"305",3167379,3
"306",3167557,3
"307",3167681,3
"308",3167753,3
"309",3167931,3
"310",3168004,3
"311",3168240,2
"312",3168247,3
"313",3168292,3
"314",3168340,2
"315",3168407,1
"316",3168471,3
"317",3168601,3
"318",3168661,2
"319",3168734,2
"320",3168765,3
"321",3168794,2
"322",3168950,2
"323",3168995,4
"324",3169136,3
"325",3169357,4
"326",3169361,2
"327",3169564,2
"328",3169567,3
"329",3169617,3
"330",3169718,3
"331",3169764,3
"332",3169993,2
"333",3170183,3
"334",3170225,4
"335",3170257,3
"336",3170370,2
"337",3170416,3
"338",3170471,3
"339",3170560,2
"340",3170565,4
"341",3170696,3
"342",3170726,3
"343",3170734,3
"344",3170745,3
"345",3170918,1
"346",3170950,3
"347",3170961,3
"348",3171122,2
"349",3171170,2
"350",3171205,3
"351",3171207,2
"352",3171418,3
"353",3171598,3
"354",3171659,3
"355",3171686,4
"356",3171721,3
"357",3171883,3
"358",3171910,2
"359",3171924,3
"360",3171935,3
"361",3171992,3
"362",3172036,4
"363",3172141,3
"364",3172208,2
"365",3172377,3
"366",3172699,3
"367",3172789,3
"368",3172812,4
"369",3172832,2
"370",3172864,2
"371",3172929,1
"372",3172951,2
"373",3173151,3
"374",3173307,1
"375",3173405,2
"376",3173543,4
"377",3173603,3
"378",3173811,3
"379",3173852,3
"380",3173880,3
"381",3173929,2
"382",3173980,3
"383",3174037,4
"384",3174457,1
"385",3174488,3
"386",3174635,3
"387",3174711,3
"388",3174755,3
"389",3174781,3
"390",3174844,4
"391",3174965,3
"392",3174992,3
"393",3175032,3
"394",3175036,2
"395",3175072,3
"396",3175110,1
"397",3175154,1
"398",3175214,3
"399",3175242,3
"400",3175528,3
"401",3175580,3
"402",3175583,2
"403",3175695,4
"404",3175705,2
"405",3175864,3
"406",3175937,3
"407",3176032,3
"408",3176115,2
"409",3176230,3
"410",3176250,3
"411",3176449,3
"412",3176457,4
"413",3176477,2
"414",3176673,2
"415",3176702,3
"416",3177052,3
"417",3177105,2
"418",3177167,1
"419",3177183,3
"420",3177196,3
"421",3177222,2
"422",3177326,3
"423",3177388,2
"424",3177411,2
"425",3177414,3
"426",3177531,3
"427",3177577,3
"428",3177693,3
"429",3177748,3
"430",3177750,3
"431",3177919,3
"432",3178155,2
"433",3178565,2
"434",3178584,3
"435",3178612,3
"436",3178666,2
"437",3178681,3
"438",3178684,3
"439",3178729,3
"440",3178863,4
"441",3178954,2
"442",3179015,3
"443",3179019,3
"444",3179040,4
"445",3179287,3
"446",3179598,4
"447",3179604,3
"448",3179658,3
"449",3179775,3
"450",3179918,2
"451",3179956,1
"452",3179991,3
"453",3180038,1
"454",3180060,3
"455",3180125,3
"456",3180136,2
"457",3180230,2
"458",3180315,4
"459",3180360,1
"460",3180475,2
"461",3180650,4
"462",3180654,3
"463",3180670,2
"464",3180682,2
"465",3180726,4
"466",3180973,1
"467",3180977,4
"468",3181193,3
"469",3181344,3
"470",3181360,3
"471",3181374,3
"472",3181432,2
"473",3181460,3
"474",3181476,3
"475",3181589,2
"476",3181751,3
"477",3181770,4
"478",3181858,3
"479",3181911,3
"480",3182111,3
"481",3182124,4
"482",3182155,2
"483",3182301,4
"484",3182378,3
"485",3182398,3
"486",3182415,3
"487",3182547,3
"488",3182566,1
"489",3182736,3
"490",3182907,3
"491",3182918,3
"492",3182991,2
"493",3183115,3
"494",3183250,3
"495",3187146,3
"496",3187242,4
"497",3187334,2
"498",3187371,4
"499",3187655,2
"500",3187732,3
"501",3187830,3
"502",3188109,3
"503",3188126,2
"504",3188213,3
"505",3188474,1
"506",3188520,3
"507",3188575,4
"508",3188955,2
"509",3189034,3
"510",3189153,2
"511",3189205,4
"512",3189217,3
"513",3189218,2
"514",3189490,2
"515",3189499,3
"516",3189630,3
"517",3189637,2
"518",3189723,4
"519",3189759,2
"520",3189806,2
"521",3189820,3
"522",3189931,4
"523",3189934,3
"524",3189935,3
"525",3189945,3
"526",3189954,3
"527",3190032,3
"528",3190070,3
"529",3190087,3
"530",3190178,3
"531",3190210,3
"532",3190394,2
"533",3190408,1
"534",3190508,1
"535",3190770,1
"536",3190925,2
"537",3190952,2
"538",3190993,2
"539",3191055,4
"540",3191398,3
"541",3191442,3
"542",3191702,4
"543",3191875,2
"544",3191879,3
"545",3191898,2
"546",3191967,4
"547",3192047,3
"548",3192067,3
"549",3192081,3
"550",3192161,2
"551",3192433,3
"552",3192447,2
"553",3192670,3
"554",3192726,3
"555",3192817,3
"556",3193039,3
"557",3193145,3
"558",3193328,3
"559",3193523,3
"560",3193560,3
"561",3193824,3
"562",3193852,4
"563",3193979,3
"564",3194130,3
"565",3194134,4
"566",3194310,4
"567",3194489,3
"568",3194761,2
"569",3194813,3
"570",3194822,3
"571",3194830,3
"572",3194972,1
"573",3195201,2
"574",3195358,4
"575",3195456,3
"576",3195901,3
"577",3196141,3
"578",3196432,2
"579",3196467,4
"580",3196509,4
"581",3196554,2
"582",3196644,2
"583",3196733,3
"584",3196738,3
"585",3197059,3
"586",3197121,3
"587",3197152,2
"588",3197224,3
"589",3197503,3
"590",3197599,3
"591",3198276,3
"592",3198502,4
"593",3198626,3
"594",3198693,2
"595",3198766,1
"596",3199121,3
"597",3199129,2
"598",3199151,3
"599",3199188,4
"600",3199338,2
"601",3199528,3
"602",3200026,2
"603",3200234,3
"604",3200380,2
"605",3200729,3
"606",3200831,3
"607",3201085,1
"608",3201356,3
"609",3201743,2
"610",3202104,2
"611",3202145,2
"612",3202426,3
"613",3202428,3
"614",3202496,3
"615",3202645,3
"616",3202882,3
"617",3203044,3
"618",3203059,2
"619",3203207,1
"620",3203234,3
"621",3203456,3
"622",3203510,1
"623",3203519,3
"624",3203621,3
"625",3203864,2
"626",3203932,3
"627",3204100,4
"628",3204250,1
"629",3204644,2
"630",3205013,3
"631",3205133,2
"632",3205340,3
"633",3205416,3
"634",3205477,3
"635",3205545,1
"636",3205879,2
"637",3206105,3
"638",3206182,1
"639",3206249,2
"640",3206383,2
"641",3206591,2
"642",3206635,3
"643",3206695,3
"644",3207083,3
"645",3207130,3
"646",3207254,3
"647",3207528,3
"648",3215375,4
"649",3215454,3
"650",3215701,1
"651",3216050,3
"652",3216207,3
"653",3216253,4
"654",3216257,3
"655",3216260,4
"656",3216653,4
"657",3217024,3
"658",3217148,3
"659",3217297,3
"660",3217409,4
"661",3217419,2
"662",3217864,3
"663",3217899,3
"664",3218041,2
"665",3218284,2
"666",3218342,2
"667",3218442,4
"668",3219221,3
"669",3219280,4
"670",3219374,3
"671",3219423,3
"672",3223311,3
"673",3223707,3
"674",3223772,3
"675",3224275,4
"676",3224843,3
"677",3225494,3
"678",3225676,3
"679",3228137,4
"680",3230030,3
"681",3230199,3
"682",3235216,3
"683",3238043,1
"684",3238187,1
"685",3241277,2
"686",3241561,2
"687",3241602,3
"688",3241619,4
"689",3241755,3
"690",3242073,2
"691",3242111,2
"692",3242340,3
"693",3242481,1
"694",3242513,4
"695",3242598,1
"696",3242755,3
"697",3243351,1
"698",3243673,3
"699",3243713,3
"700",3243922,2
"701",3243934,3
"702",3244354,2
"703",3244508,3
"704",3244649,3
"705",3244714,4
"706",3244854,3
"707",3245114,3
"708",3245392,3
"709",3245673,3
"710",3245807,2
"711",3245945,3
"712",3245977,3
"713",3246243,3
"714",3246513,2
"715",3246528,3
"716",3246574,3
"717",3247077,4
"718",3247086,3
"719",3247282,2
"720",3247381,4
"721",3247482,3
"722",3247674,3
"723",3248189,3
"724",3248257,2
"725",3248262,3
"726",3248483,3
"727",3248577,3
"728",3248715,2
"729",3249196,1
"730",3249317,4
"731",3249411,2
"732",3249448,2
"733",3249819,2
"734",3249902,2
"735",3250039,4
"736",3250212,2
"737",3250414,1
"738",3250463,2
"739",3250952,4
"740",3251166,3
"741",3251409,3
"742",3251633,2
"743",3251871,1
"744",3251977,3
"745",3251993,1
"746",3252110,3
"747",3252811,3
"748",3253197,3
"749",3253657,3
"750",3253658,4
"751",3253672,4
"752",3253691,3
"753",3253768,3
"754",3254236,2
"755",3254570,2
"756",3254615,3
"757",3254721,2
"758",3254741,2
"759",3254767,3
"760",3255070,3
"761",3255081,3
"762",3255424,3
"763",3255444,3
"764",3255558,3
"765",3255612,3
"766",3255779,2
"767",3255928,3
"768",3255973,3
"769",3256074,3
"770",3256680,3
"771",3257101,3
"772",3257571,4
"773",3257621,4
"774",3257711,2
"775",3259140,3
"776",3259492,3
"777",3259699,2
"778",3260234,3
"779",3260764,3
"780",3261325,2
"781",3261338,4
"782",3261687,2
"783",3261940,2
"784",3262141,3
"785",3262190,3
"786",3262664,2
"787",3262736,4
"788",3262746,3
"789",3263127,3
"790",3263188,2
"791",3263640,3
"792",3263917,4
"793",3264584,3
"794",3264768,1
"795",3264850,3
"796",3264902,3
"797",3265506,4
"798",3265538,3
"799",3265692,3
"800",3266027,4
"801",3266224,3
"802",3266310,3
"803",3266402,3
"804",3266739,1
"805",3267100,3
"806",3267235,3
"807",3268083,3
"808",3268569,2
"809",3268664,4
"810",3268753,3
"811",3269672,3
"812",3270846,3
"813",3270986,1
"814",3271458,2
"815",3271557,1
"816",3271601,4
"817",3271616,4
"818",3273195,3
"819",3273230,2
"820",3273479,3
"821",3273998,3
"822",3274465,4
"823",3275482,3
"824",3275783,3
"825",3276079,2
"826",3276092,3
"827",3276393,3
"828",3276410,2
"829",3276988,3
"830",3277137,2
"831",3277290,3
"832",3277979,3
"833",3278053,3
"834",3278062,3
"835",3278234,1
"836",3278244,2
"837",3278456,4
"838",3278765,4
"839",3278844,2
"840",3278877,2
"841",3278887,2
"842",3278911,2
"843",3278917,3
"844",3279084,3
"845",3279807,3
"846",3280066,3
"847",3280218,3
"848",3280291,3
"849",3280320,3
"850",3280471,3
"851",3280747,3
"852",3280886,3
"853",3281016,4
"854",3281543,2
"855",3282433,2
"856",3283415,4
"857",3284005,2
"858",3284110,4
"859",3284144,3
"860",3284181,4
"861",3284259,4
"862",3284311,3
"863",3285285,1
"864",3285439,3
"865",3285668,2
"866",3286712,3
"867",3287210,3
"868",3289338,3
"869",3289854,3
"870",3290218,4
"871",3290313,3
"872",3291370,4
"873",3291604,3
"874",3292546,3
"875",3293244,3
"876",3293663,4
"877",3294687,2
"878",3295263,3
"879",3295659,4
"880",3295732,3
"881",3296463,3
"882",3296545,3
"883",3297475,3
"884",3297691,2
"885",3298013,4
"886",3298402,2
"887",3298551,3
"888",3298759,2
"889",3298848,3
"890",3298992,3
"891",3299377,3
"892",3299628,3
"893",3299742,2
"894",3300770,3
"895",3301012,3
"896",3301105,1
"897",3302019,2
"898",3302022,3
"899",3302367,3
"900",3302749,2
"901",3302763,2
"902",3303320,2
"903",3304826,3
"904",3304924,4
"905",3306439,3
"906",3306726,4
"907",3308313,4
"908",3309625,1
"909",3309773,3
"910",3309910,2
"911",3311292,1
"912",3311797,2
"913",3312179,3
"914",3312404,3
"915",3312903,3
"916",3313072,2
"917",3313421,3
"918",3313772,3
"919",3313790,2
"920",3313970,4
"921",3314035,4
"922",3315392,4
"923",3315561,4
"924",3316603,2
"925",3316736,3
"926",3316805,4
"927",3317224,3
"928",3318538,3
"929",3323166,3
"930",3323446,4
"931",3323459,2
"932",3325014,3
"933",3325556,3
"934",3328127,2
"935",3328146,2
"936",3328219,3
"937",3328803,3
"938",3329218,3
"939",3329264,3
"940",3329887,3
"941",3331128,3
"942",3331198,3
"943",3331300,4
"944",3331479,3
"945",3333317,1
"946",3333366,3
"947",3333904,3
"948",3334204,3
"949",3334556,3
"950",3335158,3
"951",3335346,3
"952",3335467,3
"953",3335972,3
"954",3336140,2
"955",3337118,4
"956",3337217,3
"957",3338244,2
"958",3338596,3
"959",3339147,3
"960",3339208,3
"961",3340213,4
"962",3340247,3
"963",3340274,1
"964",3341058,4
"965",3341236,3
"966",3341372,3
"967",3341411,4
"968",3343195,4
"969",3343228,4
"970",3343397,3
"971",3343709,4
"972",3348251,3
"973",3349092,3
"974",3349583,4
"975",3350980,2
"976",3351147,2
"977",3351390,2
"978",3353724,3
"979",3353996,3
"980",3354792,2
"981",3354985,3
"982",3355019,3
"983",3356039,3
"984",3356331,3
"985",3356746,3
"986",3356769,3
"987",3356790,1
"988",3357089,3
"989",3357334,3
"990",3357343,3
"991",3357388,2
"992",3357527,3
"993",3358400,2
"994",3359325,3
"995",3368008,2
"996",3379130,3
"997",3380530,4
"998",3380615,3
"999",3380665,1
"1000",3381575,2
"1001",3381831,3
"1002",3382374,3
"1003",3384526,3
"1004",3384827,2
"1005",3384838,3
"1006",3386420,1
"1007",3387268,3
"1008",3389118,2
"1009",3389266,3
"1010",3390092,3
"1011",3390400,3
"1012",3390540,3
"1013",3390904,3
"1014",3391624,3
"1015",3392036,3
"1016",3393829,3
"1017",3396482,1
"1018",3397924,3
"1019",3398456,4
"1020",3399833,4
"1021",3399916,2
"1022",3400000,4
"1023",3400156,3
"1024",3400508,2
"1025",3402038,3
"1026",3402232,3
"1027",3402359,4
"1028",3402662,3
"1029",3402742,4
"1030",3403531,3
"1031",3403561,4
"1032",3403653,3
"1033",3403734,4
"1034",3404051,3
"1035",3404266,4
"1036",3404476,3
"1037",3404948,2
"1038",3407302,1
"1039",3407873,2
"1040",3412184,3
"1041",3412257,3
"1042",3413105,3
"1043",3414461,3
"1044",3415096,3
"1045",3415322,3
"1046",3418823,3
"1047",3418829,2
"1048",3419553,3
"1049",3422204,1
"1050",3422680,3
"1051",3422745,3
"1052",3422858,1
"1053",3422893,1
"1054",3422941,3
"1055",3423040,2
"1056",3423580,4
"1057",3423705,3
"1058",3424193,1
"1059",3424677,2
"1060",3426153,3
"1061",3427010,4
"1062",3427063,3
"1063",3427116,3
"1064",3427187,3
"1065",3428208,2
"1066",3428267,4
"1067",3428324,2
"1068",3428743,2
"1069",3428928,3
"1070",3431086,1
"1071",3431201,2
"1072",3431447,2
"1073",3431639,2
"1074",3432285,3
"1075",3433484,4
"1076",3433877,3
"1077",3434557,1
"1078",3434812,4
"1079",3434913,3
"1080",3435106,2
"1081",3435741,3
"1082",3435999,3
"1083",3440137,1
"1084",3441167,3
"1085",3443602,4
"1086",3444026,2
"1087",3445604,4
"1088",3447039,2
"1089",3449193,2
"1090",3449711,1
"1091",3449730,3
"1092",3449846,3
"1093",3449882,3
"1094",3450247,2
"1095",3451242,4
"1096",3451256,1
"1097",3451267,2
"1098",3451475,4
"1099",3452884,3
"1100",3455164,3
"1101",3456387,1
"1102",3457252,2
"1103",3460100,3
"1104",3460753,3
"1105",3460921,4
"1106",3462174,3
"1107",3462473,2
"1108",3463540,4
"1109",3463701,1
"1110",3463916,4
"1111",3464225,2
"1112",3465255,4
"1113",3465490,3
"1114",3466353,3
"1115",3467300,3
"1116",3467749,3
"1117",3468510,4
"1118",3471079,3
"1119",3472153,3
"1120",3472407,4
"1121",3472453,3
"1122",3472990,2
"1123",3475865,2
"1124",3475920,3
"1125",3478588,4
"1126",3478681,3
"1127",3478712,3
"1128",3481783,3
"1129",3485306,3
"1130",3485534,3
"1131",3486151,3
"1132",3486399,3
"1133",3487975,2
"1134",3489575,4
"1135",3490387,3
"1136",3492606,3
"1137",3492666,3
"1138",3493433,3
"1139",3493459,3
"1140",3493525,4
"1141",3496477,3
"1142",3497085,3
"1143",3497404,3
"1144",3497470,4
"1145",3498540,3
"1146",3498688,3
"1147",3500871,3
"1148",3500983,2
"1149",3501160,4
"1150",3502624,2
"1151",3503581,3
"1152",3503805,3
"1153",3503914,4
"1154",3504297,3
"1155",3513165,1
"1156",3513417,3
"1157",3513549,4
"1158",3516661,4
"1159",3517001,4
"1160",3517363,3
"1161",3517408,3
"1162",3518138,4
"1163",3519595,4
"1164",3520460,2
"1165",3521182,2
"1166",3522056,2
"1167",3522630,2
"1168",3522741,3
"1169",3523490,3
"1170",3526403,2
"1171",3527388,3
"1172",3527869,2
"1173",3528223,3
"1174",3528398,3
"1175",3529108,3
"1176",3529229,3
"1177",3530963,4
"1178",3531668,3
"1179",3532288,3
"1180",3533479,1
"1181",3534457,2
"1182",3534656,2
"1183",3534980,3
"1184",3535181,3
"1185",3536714,3
"1186",3537289,2
"1187",3537836,2
"1188",3538124,3
"1189",3538175,1
"1190",3538257,2
"1191",3538360,2
"1192",3538849,3
"1193",3539550,2
"1194",3539693,4
"1195",3540280,3
"1196",3540514,3
"1197",3685203,4
"1198",3689090,3
"1199",3690160,3
"1200",3703726,3
"1201",3705099,3
"1202",3708091,3
"1203",3708380,3
"1204",3708639,3
"1205",3709591,2
"1206",3710083,1
"1207",3711794,2
"1208",3711835,3
"1209",3712743,2
"1210",3713201,2
"1211",3714023,4
"1212",3717790,4
"1213",3719297,4
"1214",3719326,4
"1215",3719789,3
"1216",3722498,3
"1217",3722746,2
"1218",3724187,3
"1219",3724397,2
"1220",3725430,3
"1221",3727775,3
"1222",3727778,3
"1223",3729440,3
"1224",3730038,3
"1225",3730828,2
"1226",3731424,3
"1227",3731550,2
"1228",3731931,3
"1229",3733286,3
"1230",3735949,3
"1231",3737807,4
"1232",3739172,1
"1233",3739289,2
"1234",3743271,3
"1235",3744217,3
"1236",3744591,3
"1237",3745328,2
"1238",3745396,3
"1239",3747760,3
"1240",3747790,3
"1241",3747990,3
"1242",3750182,1
"1243",3750509,3
"1244",3751259,4
"1245",3752819,2
"1246",3757631,1
"1247",3930409,2
"1248",3930897,3
"1249",3930973,3
"1250",3932609,4
"1251",3933360,3
"1252",3936271,2
"1253",3936514,3
"1254",3938046,2
"1255",3938355,3
"1256",3942850,3
"1257",3952406,1
"1258",3953769,1
"1259",3953833,2
"1260",3954457,2
"1261",3954646,4
"1262",3956940,1
"1263",3957239,3
"1264",3957722,2
"1265",3965741,2
"1266",3968014,3
"1267",3969608,1
"1268",3969652,3
"1269",3972113,3
"1270",3972881,3
"1271",3972998,2
"1272",3973220,2
"1273",3973399,2
"1274",3973751,4
"1275",3974894,2
"1276",3975774,3
"1277",3976312,3
"1278",3977166,2
"1279",3977275,3
"1280",3977377,2
"1281",3978050,3
"1282",3978716,2
"1283",3978959,2
"1284",3979678,2
"1285",3979705,3
"1286",3980577,2
"1287",3981024,3
"1288",3981047,2
"1289",3981494,3
"1290",3981542,3
"1291",3982258,3
"1292",3982520,3
"1293",3982536,3
"1294",3982751,3
"1295",3983284,2
"1296",3983649,1
"1297",3983711,4
"1298",3983784,2
"1299",3984028,4
"1300",3984170,1
"1301",3984309,3
"1302",3984477,3
"1303",3984528,3
"1304",3984613,3
"1305",3984727,4
"1306",3984731,4
"1307",3984987,3
"1308",3985000,2
"1309",3985092,3
"1310",3985122,2
"1311",3985143,2
"1312",3986644,2
"1313",3986658,3
"1314",3986767,4
"1315",3987039,1
"1316",3987395,3
"1317",3987463,4
"1318",3988127,3
"1319",3988187,4
"1320",3988362,3
"1321",3988408,3
"1322",3988697,1
"1323",3989169,4
"1324",3989576,3
"1325",3990715,4
"1326",3990918,2
"1327",3991445,4
"1328",3992627,4
"1329",3992999,2
"1330",3993692,3
"1331",3993697,3
"1332",3995848,3
"1333",3996952,4
"1334",3997689,3
"1335",3998417,1
"1336",3998895,3
"1337",3999083,3
"1338",3999250,2
"1339",3999816,3
"1340",3999847,2
"1341",3999849,4
"1342",3999879,1
"1343",4000412,3
"1344",4001460,3
"1345",4002094,2
"1346",4002900,2
"1347",4003190,4
"1348",4004278,3
"1349",4005596,4
"1350",4005760,2
"1351",4005814,3
"1352",4006142,2
"1353",4006833,3
"1354",4007499,2
"1355",4008262,2
"1356",4011139,4
"1357",4011452,3
"1358",4012315,3
"1359",4012931,3
"1360",4014644,2
"1361",4015373,2
"1362",4019735,4
"1363",4019919,3
"1364",4020168,4
"1365",4020702,3
"1366",4020844,3
"1367",4023744,2
"1368",4024465,3
"1369",4026371,2
"1370",4026589,4
"1371",4026947,3
"1372",4027138,2
"1373",4027172,2
"1374",4027244,3
"1375",4027374,3
"1376",4028872,2
"1377",4030233,3
"1378",4032018,3
"1379",4032309,1
"1380",4032433,2
"1381",4033124,3
"1382",4033410,2
"1383",4033530,4
"1384",4033775,3
"1385",4033863,3
"1386",4034166,2
"1387",4034243,4
"1388",4035144,3
"1389",4035295,2
"1390",4035658,3
"1391",4036088,2
"1392",4039402,3
"1393",4039516,3
"1394",4039929,3
"1395",4039962,2
"1396",4040379,1
"1397",4040609,3
"1398",4041488,2
"1399",4042703,3
"1400",4044226,2
"1401",4044643,3
"1402",4045089,3
"1403",4045278,3
"1404",4045633,4
"1405",4045849,2
"1406",4046029,2
"1407",4048098,3
"1408",4048843,4
"1409",4049116,3
"1410",4049287,3
"1411",4049450,3
"1412",4050145,1
"1413",4050865,3
"1414",4053762,4
"1415",4054178,3
"1416",4055690,1
"1417",4055778,1
"1418",4057217,2
"1419",4058608,3
"1420",4061777,3
"1421",4062140,3
"1422",4062843,2
"1423",4065750,3
"1424",4066940,2
"1425",4068359,3
"1426",4068475,2
"1427",4069295,3
"1428",4069791,2
"1429",4070552,1
"1430",4071677,1
"1431",4072309,2
"1432",4072504,3
"1433",4075245,2
"1434",4075684,3
"1435",4076109,3
"1436",4076434,3
"1437",4076465,3
"1438",4078492,3
"1439",4079597,3
"1440",4079795,3
"1441",4079939,3
"1442",4081298,3
"1443",4081955,3
"1444",4083170,1
"1445",4084722,3
"1446",4085600,1
"1447",4085864,3
"1448",4087841,3
"1449",4088946,4
"1450",4090865,3
"1451",4092213,3
"1452",4094631,2
"1453",4094769,3
"1454",4096213,3
"1455",4101588,4
"1456",4101824,3
"1457",4102719,2
"1458",4103646,2
"1459",4104302,2
"1460",4106467,2
"1461",4461632,3
"1462",4461867,3
"1463",4462224,3
"1464",4462385,2
"1465",4463489,3
"1466",4463659,3
"1467",4464098,2
"1468",4471518,3
"1469",4474983,4
"1470",4476015,4
"1471",4476297,3
"1472",4477593,1
"1473",4481305,4
"1474",4481430,3
"1475",4484214,1
"1476",4485519,3
"1477",4486656,3
"1478",4486849,3
"1479",4488308,1
"1480",4488840,3
"1481",4489968,4
"1482",4490602,2
"1483",4639350,3
"1484",4640054,3
"1485",4640122,4
"1486",4640852,2
"1487",4641627,1
"1488",4643243,3
"1489",4644188,1
"1490",4645941,3
"1491",4646171,3
"1492",4646813,3
"1493",4649237,2
"1494",4649807,4
"1495",4652019,4
"1496",4652175,3
"1497",4652900,4
"1498",4653869,2
"1499",4657003,3
"1500",4657227,3
"1501",4661291,3
"1502",4662875,2
"1503",4671233,3
"1504",4671623,2
"1505",4673263,2
"1506",4673694,2
"1507",4673950,1
"1508",4674756,1
"1509",4675644,2
"1510",4675853,2
"1511",4676548,1
"1512",4685578,3
"1513",4685896,3
"1514",4687201,1
"1515",4687369,4
"1516",4689068,2
"1517",4689228,3
"1518",4689237,3
"1519",4689929,2
"1520",4691147,4
"1521",4692581,4
"1522",4694813,3
"1523",4695198,4
"1524",4695693,2
"1525",4697908,4
"1526",4697961,4
"1527",4698397,3
"1528",4698689,3
"1529",4698700,2
"1530",4699809,3
"1531",4699830,3
"1532",4700306,2
"1533",4700399,1
"1534",4700648,4
"1535",4700937,2
"1536",4701058,3
"1537",4701660,2
"1538",4701674,2
"1539",4702055,3
"1540",4702242,3
"1541",4703066,2
"1542",4704217,1
"1543",4705425,3
"1544",4705543,3
"1545",4706780,3
"1546",4707475,4
"1547",4707627,3
"1548",4710060,2
"1549",4710635,4
"1550",4711362,3
"1551",4711581,3
"1552",4712437,2
"1553",4712665,4
"1554",4712715,4
"1555",4713008,1
"1556",4713176,3
"1557",4713668,4
"1558",4713966,3
"1559",4714274,4
"1560",4714565,3
"1561",4716915,1
"1562",4717017,3
"1563",4717513,3
"1564",4718915,3
"1565",4719208,3
"1566",4720076,3
"1567",4721263,1
"1568",4721659,3
"1569",4722473,3
"1570",4725864,2
"1571",4726087,4
"1572",4726477,4
"1573",4726708,2
"1574",4730620,4
"1575",4730683,3
"1576",4731886,3
"1577",4732090,3
"1578",4732132,3
"1579",4732473,3
"1580",4733822,1
"1581",4734249,3
"1582",4735331,2
"1583",4737531,2
"1584",4739221,3
"1585",4739910,1
"1586",4741864,2
"1587",4744890,4
"1588",4745205,4
"1589",4745370,3
"1590",4747370,3
"1591",4747635,4
"1592",4749014,3
"1593",4751012,4
"1594",4752132,3
"1595",4752389,2
"1596",4756004,1
"1597",4761643,3
"1598",4762586,1
"1599",4763249,2
"1600",4763555,4
"1601",4763638,2
"1602",4765406,3
"1603",4771210,2
"1604",4775206,3
"1605",4776582,3
"1606",4777287,3
"1607",4777735,3
"1608",4779033,3
"1609",4779483,4
"1610",4787105,2
"1611",4787575,3
"1612",4791407,3
"1613",4792168,3
"1614",4792184,1
"1615",4792449,3
"1616",4793921,3
"1617",4794350,3
"1618",4796221,2
"1619",4796314,2
"1620",4796455,1
"1621",4796754,1
"1622",4800792,3
"1623",4801807,3
"1624",4802783,3
"1625",4803364,3
"1626",4804054,4
"1627",4804515,3
"1628",4810154,3
"1629",4810331,3
"1630",4811798,2
"1631",4813089,4
"1632",4814973,3
"1633",4815638,3
"1634",4815650,2
"1635",4815758,3
"1636",4815785,2
"1637",4815920,3
"1638",4816090,2
"1639",4816091,2
"1640",4816264,3
"1641",4816631,2
"1642",4816850,2
"1643",4817003,1
"1644",4817172,3
"1645",4818231,1
"1646",4818996,3
"1647",4820018,1
"1648",4820265,2
"1649",4820297,3
"1650",4965165,3
"1651",4966469,3
"1652",4967836,3
"1653",4968091,4
"1654",4970375,3
"1655",4971487,3
"1656",4971623,4
"1657",4971667,2
"1658",4971897,3
"1659",4972071,3
"1660",4974765,1
"1661",4975625,3
"1662",4979324,2
"1663",4979965,3
"1664",4981367,1
"1665",4982151,2
"1666",4983819,3
"1667",4984558,3
"1668",4987032,3
"1669",4989654,2
"1670",4990025,4
"1671",4992991,3
"1672",4993266,3
"1673",4994240,3
"1674",4994244,4
"1675",4994436,3
"1676",4994960,3
"1677",4995756,3
"1678",4995992,2
"1679",4997110,2
"1680",4998105,2
"1681",4998606,3
"1682",4999066,2
"1683",4999588,3
"1684",5003135,3
"1685",5003713,4
"1686",5003961,3
"1687",5004792,3
"1688",5004805,2
"1689",5006567,2
"1690",5006703,3
"1691",5006776,3
"1692",5007328,3
"1693",5008246,3
"1694",5008352,3
"1695",5010242,4
"1696",5010294,3
"1697",5010567,2
"1698",5012059,3
"1699",5015033,3
"1700",5015263,2
"1701",5015530,2
"1702",5016633,4
"1703",5016904,4
"1704",5016924,2
"1705",5018264,2
"1706",5018337,2
"1707",5018755,4
"1708",5018778,3
"1709",5018783,1
"1710",5018883,3
"1711",5019744,3
"1712",5020703,2
"1713",5021104,2
"1714",5022379,3
"1715",5022617,1
"1716",5023856,3
"1717",5024941,3
"1718",5121442,2
"1719",5126877,2
"1720",5128490,3
"1721",5129696,3
"1722",5134013,3
"1723",5141736,3
"1724",5141774,3
"1725",5141988,2
"1726",5142689,3
"1727",5144030,3
"1728",5144273,3
"1729",5145098,3
"1730",5146580,3
"1731",5150920,1
"1732",5151774,2
"1733",5155454,3
"1734",5157483,3
"1735",5158139,2
"1736",5161035,3
"1737",5163750,4
"1738",5164004,1
"1739",5166315,2
"1740",5166549,3
"1741",5171111,3
"1742",5171121,4
"1743",5173565,2
"1744",5174103,3
"1745",5174234,2
"1746",5174236,3
"1747",5175737,3
"1748",5176712,3
"1749",5176899,4
"1750",5179154,3
"1751",5181639,4
"1752",5182441,2
"1753",5183744,1
"1754",5184711,2
"1755",5185697,4
"1756",5185980,3
"1757",5186735,4
"1758",5189172,4
"1759",5191610,3
"1760",5191661,3
"1761",5192278,3
"1762",5193080,2
"1763",5193760,2
"1764",5194358,3
"1765",5194483,4
"1766",5194555,3
"1767",5194925,2
"1768",5195045,4
"1769",5195255,3
"1770",5195376,3
"1771",5195459,3
"1772",5195814,4
"1773",5195820,2
"1774",5195910,4
"1775",5196898,3
"1776",5198163,3
"1777",5199319,1
"1778",5200030,3
"1779",5202450,2
"1780",5208071,2
"1781",5208122,3
"1782",5212131,3
"1783",5222221,3
"1784",5224196,3
"1785",5224298,3
"1786",5224424,2
"1787",5224650,1
"1788",5224879,3
"1789",5226020,3
"1790",5228034,2
"1791",5228824,1
"1792",5229337,4
"1793",5230495,1
"1794",5233968,3
"1795",5233985,2
"1796",5234167,1
"1797",5234859,3
"1798",5235154,1
"1799",5237241,3
"1800",5238893,3
"1801",5242598,2
"1802",5252605,4
"1803",5252759,3
"1804",5253726,3
"1805",5255919,4
"1806",5256666,3
"1807",5258291,4
"1808",5260404,4
"1809",5261177,3
"1810",5261495,3
"1811",5261975,4
"1812",5262314,1
"1813",5262343,4
"1814",5262827,2
"1815",5263172,3
"1816",5263642,1
"1817",5265724,3
"1818",5266692,3
"1819",5267003,3
"1820",5269637,4
"1821",5270476,3
"1822",5276722,2
"1823",5278139,2
"1824",5278209,2
"1825",5278907,1
"1826",5279918,3
"1827",5286755,3
"1828",5289438,2
"1829",5291920,2
"1830",5293802,3
"1831",5293842,3
"1832",5301696,4
"1833",5302567,3
"1834",5303434,4
"1835",5305948,3
"1836",5306572,3
"1837",5307289,2
"1838",5308062,3
"1839",5308371,1
"1840",5308490,1
"1841",5309274,3
"1842",5309584,3
"1843",5310311,2
"1844",5311055,3
"1845",5312757,3
"1846",5315341,3
"1847",5318163,1
"1848",5326079,2
"1849",5326227,3
"1850",5326689,1
"1851",5329267,4
"1852",5329290,4
"1853",5330549,4
"1854",5331119,3
"1855",5332111,3
"1856",5332218,3
"1857",5333089,3
"1858",5335196,3
"1859",5336272,2
"1860",5338160,4
"1861",5341263,2
"1862",5342958,3
"1863",5343258,1
"1864",5343483,3
"1865",5343959,2
"1866",5350633,3
"1867",5351930,1
"1868",5353260,2
"1869",5353514,3
"1870",5379935,3
"1871",5380627,1
"1872",5384448,3
"1873",5384556,3
"1874",5385702,1
"1875",5391589,3
"1876",5391741,4
"1877",5392181,4
"1878",5393951,3
"1879",5396377,4
"1880",5396611,2
"1881",5396889,3
"1882",5397192,2
"1883",5398684,2
"1884",5407845,2
"1885",5414095,4
"1886",5414336,2
"1887",5419814,2
"1888",5421111,3
"1889",5423629,2
"1890",5426080,2
"1891",5426236,3
"1892",5426756,1
"1893",5426912,3
"1894",5429518,1
"1895",5432461,2
"1896",5434034,1
"1897",5435643,1
"1898",5436212,3
"1899",5439980,1
"1900",5441039,3
"1901",5441073,3
"1902",5443658,4
"1903",5445416,3
"1904",5447384,3
"1905",5448203,2
"1906",5448501,4
"1907",5449455,2
"1908",5449616,4
"1909",5449909,3
"1910",5453403,2
"1911",5456678,2
"1912",5457055,3
"1913",5457159,3
"1914",5458657,4
"1915",5465898,4
"1916",5467323,1
"1917",5468144,2
"1918",5477040,2
"1919",5479134,3
"1920",5480634,3
"1921",5482908,3
"1922",5483184,2
"1923",5483257,3
"1924",5484563,4
"1925",5488907,4
"1926",5494444,3
"1927",5498446,1
"1928",5502671,2
"1929",5503474,2
"1930",5504198,3
"1931",5510402,1
"1932",5510619,3
"1933",5515885,4
"1934",5526501,3
"1935",5526821,2
"1936",5528713,4
"1937",5531105,4
"1938",5532054,4
"1939",5534483,4
"1940",5535090,1
"1941",5535534,4
"1942",5538655,3
"1943",5540683,2
"1944",5541212,1
"1945",5541986,3
"1946",5545082,3
"1947",5548791,3
"1948",5550304,1
"1949",5551228,4
"1950",5555984,3
"1951",5557642,4
"1952",5558428,3
"1953",5558956,2
"1954",5559098,3
"1955",5559151,3
"1956",5559197,3
"1957",5575539,3
"1958",5577872,2
"1959",5579252,3
"1960",5579515,3
"1961",5581444,1
"1962",5583026,4
"1963",5585111,3
"1964",5585966,3
"1965",5600361,1
"1966",5604663,2
"1967",5605559,3
"1968",5605878,3
"1969",5606990,3
"1970",5613410,4
"1971",5615698,3
"1972",5616565,3
"1973",5619634,1
"1974",5623914,2
"1975",5628229,2
"1976",5628945,1
"1977",5630150,3
"1978",5630380,3
"1979",5635682,3
"1980",5635925,3
"1981",5638503,3
"1982",5640070,3
"1983",5643085,3
"1984",5643960,3
"1985",5651483,2
"1986",5654824,3
"1987",5655281,3
"1988",5658069,4
"1989",5659266,3
"1990",5668340,2
"1991",5668993,3
"1992",5672531,2
"1993",5672912,2
"1994",5672921,3
"1995",5674313,2
"1996",5679958,3
"1997",5681793,2
"1998",5686286,3
"1999",5687210,3
"2000",5688247,4
"2001",5693000,2
"2002",5693461,1
"2003",5693902,4
"2004",5694343,3
"2005",5697171,3
"2006",5697393,4
"2007",5706989,3
"2008",5708223,1
"2009",5710715,3
"2010",5716397,2
"2011",5716992,3
"2012",5727116,4
"2013",5740122,4
"2014",5740936,2
"2015",5744389,1
"2016",5745038,3
"2017",5747999,1
"2018",5753383,3
"2019",5755078,4
"2020",5757079,3
"2021",5757183,2
"2022",5759276,4
"2023",5760415,2
"2024",5761064,4
"2025",5764779,3
"2026",5766055,3
"2027",5766430,3
"2028",5766447,2
"2029",5766794,4
"2030",5773897,3
"2031",5775958,3
"2032",5778041,1
"2033",5780980,3
"2034",5781596,3
"2035",5783625,3
"2036",5784189,4
"2037",5784672,3
"2038",5785586,3
"2039",5786855,3
"2040",5787218,2
"2041",5788440,4
"2042",5788456,4
"2043",5789664,3
"2044",5790018,3
"2045",5791568,4
"2046",5791799,3
"2047",5801535,1
"2048",5801628,3
"2049",5803028,3
"2050",5803530,2
"2051",5804781,4
"2052",5806130,3
"2053",5806420,2
"2054",5808598,3
"2055",5809323,2
"2056",5810189,2
"2057",5814414,3
"2058",5822961,2
"2059",5827207,3
"2060",5827303,3
"2061",5833655,1
"2062",5837337,3
"2063",5844439,4
"2064",5845440,3
"2065",5845664,3
"2066",5845954,2
"2067",5847842,4
"2068",5848110,3
"2069",5848594,2
"2070",5849902,3
"2071",5854334,2
"2072",5855641,1
"2073",5857331,2
"2074",5858564,2
"2075",5858653,3
"2076",5862500,2
"2077",5862762,3
"2078",5862878,1
"2079",5866229,3
"2080",5866689,3
"2081",5866895,4
"2082",5871265,3
"2083",5871502,2
"2084",5874981,3
"2085",5876018,2
"2086",5876156,3
"2087",5877807,2
"2088",5879174,2
"2089",5885035,1
"2090",5887031,3
"2091",5887042,4
"2092",5889418,3
"2093",5893000,3
"2094",5893245,4
"2095",5899302,1
"2096",5900741,3
"2097",5901652,3
"2098",5903791,3
"2099",5904212,3
"2100",5906964,3
"2101",5907235,3
"2102",5908553,1
"2103",5911936,4
"2104",5911977,1
"2105",5914511,1
"2106",5923313,3
"2107",5925113,3
"2108",5925984,2
"2109",5928183,3
"2110",5934913,2
"2111",5937184,1
"2112",5938176,4
"2113",5940006,1
"2114",5942025,3
"2115",5942812,2
"2116",5945310,4
"2117",5946386,3
"2118",5951917,1
"2119",5955133,1
"2120",5956956,3
"2121",5957840,1
"2122",5959154,2
"2123",5966582,2
"2124",5967277,4
"2125",5970387,1
"2126",5971283,1
"2127",5975615,3
"2128",5984614,3
"2129",5984918,3
"2130",5989774,1
"2131",5991666,2
"2132",5995565,2
"2133",5996408,3
"2134",5996719,4
"2135",5997138,3
"2136",5998525,3
"2137",5998719,3
"2138",5999345,2
"2139",5999350,2
"2140",5999631,4
"2141",6000343,3
"2142",6005019,3
"2143",6012668,3
"2144",6014146,3
"2145",6015564,3
"2146",6016440,3
"2147",6017491,3
"2148",6019423,3
"2149",6019595,3
"2150",6019717,3
"2151",6021277,2
"2152",6024779,3
"2153",6025224,1
"2154",6027037,1
"2155",6027201,2
"2156",6029647,2
"2157",6030189,3
"2158",6030426,2
"2159",6031237,2
"2160",6035589,3
"2161",6037232,2
"2162",6040101,1
"2163",6069146,1
"2164",6069269,1
"2165",6070300,1
"2166",6074100,2
"2167",6074441,3
"2168",6076273,3
"2169",6077894,3
"2170",6079470,3
"2171",6080110,3
"2172",6080380,3
"2173",6081156,3
"2174",6084487,1
"2175",6086317,1
"2176",6087433,3
"2177",6091855,3
"2178",6094081,3
"2179",6104875,3
"2180",6106971,2
"2181",6108127,2
"2182",6113679,2
"2183",6116515,2
"2184",6117752,3
"2185",6121316,3
"2186",6122186,3
"2187",6130579,3
"2188",6132093,1
"2189",6134353,4
"2190",6148982,2
"2191",6149147,3
"2192",6151344,4
"2193",6153865,3
"2194",6155342,4
"2195",6160149,2
"2196",6161268,2
"2197",6161836,3
"2198",6163123,3
"2199",6166308,4
"2200",6166747,2
"2201",6168246,3
"2202",6172461,4
"2203",6174741,2
"2204",6178331,2
"2205",6178680,1
"2206",6179384,3
"2207",6179975,3
"2208",6181157,4
"2209",6185901,3
"2210",6187331,1
"2211",6188400,4
"2212",6188500,3
"2213",6189208,3
"2214",6192712,3
"2215",6192961,2
"2216",6193067,3
"2217",6195908,2
"2218",6197978,3
"2219",6198304,2
"2220",6207558,4
"2221",6211390,3
"2222",6212297,2
"2223",6213806,3
"2224",6222269,3
"2225",6222884,1
"2226",6223867,2
"2227",6224915,2
"2228",6225862,4
"2229",6226493,1
"2230",6227345,2
"2231",6233773,2
"2232",6233978,2
"2233",6240387,1
"2234",6244017,3
"2235",6247189,3
"2236",6247328,4
"2237",6247484,3
"2238",6248213,3
"2239",6248556,4
"2240",6248637,4
"2241",6250058,1
"2242",6263639,3
"2243",6264333,3
"2244",6265781,3
"2245",6267470,3
"2246",6270162,3
"2247",6274413,3
"2248",6274827,3
"2249",6274899,2
"2250",6275357,2
"2251",6276500,2
"2252",6277288,3
"2253",6277465,4
"2254",6277570,3
"2255",6278226,2
"2256",6281882,2
"2257",6282283,1
"2258",6282324,3
"2259",6283238,3
"2260",6284312,4
"2261",6284374,3
"2262",6285516,3
"2263",6286769,4
"2264",6287185,2
"2265",6288101,3
"2266",6292220,3
"2267",6294036,3
"2268",6294972,3
"2269",6296565,3
"2270",6298271,1
"2271",6299590,4
"2272",6300058,2
"2273",6300693,3
"2274",6300890,4
"2275",6301027,2
"2276",6301766,4
"2277",6304787,2
"2278",6310228,3
"2279",6310741,3
"2280",6314522,4
"2281",6316159,3
"2282",6316293,3
"2283",6318101,3
"2284",6319288,2
"2285",6319575,4
"2286",6322477,3
"2287",6323619,2
"2288",6324210,2
"2289",6326362,2
"2290",6329980,1
"2291",6332096,3
"2292",6333110,2
"2293",6337158,3
"2294",6343807,3
"2295",6344269,3
"2296",6345461,3
"2297",6345589,1
"2298",6345664,3
"2299",6353427,3
"2300",6358694,3
"2301",6359539,4
"2302",6360671,3
"2303",6360792,3
"2304",6362487,4
"2305",6363564,3
"2306",6369676,3
"2307",6380369,2
"2308",6381892,2
"2309",6383842,1
"2310",6386578,3
"2311",6387164,2
"2312",6393424,1
"2313",6399308,2
"2314",6399918,2
"2315",6401325,2
"2316",6402048,4
"2317",6408810,3
"2318",6412086,3
"2319",6412364,1
"2320",6415131,3
"2321",6417046,3
"2322",6417611,4
"2323",6418722,4
"2324",6421838,1
"2325",6421883,3
"2326",6426039,3
"2327",6431042,2
"2328",6433993,3
"2329",6436379,3
"2330",6437133,3
"2331",6441124,3
"2332",6441667,3
"2333",6444114,3
"2334",6445278,1
"2335",6446487,1
"2336",6449292,4
"2337",6452392,4
"2338",6453189,4
"2339",6457183,4
"2340",6458175,2
"2341",6460607,3
"2342",6462366,1
"2343",6465520,1
"2344",6468590,1
"2345",6468729,4
"2346",6468882,3
"2347",6471537,2
"2348",6473392,3
"2349",6474596,4
"2350",6475332,3
"2351",6476848,3
"2352",6477984,3
"2353",6482061,3
"2354",6488879,3
"2355",6489527,3
"2356",6489666,3
"2357",6489965,3
"2358",6490318,1
"2359",6494296,3
"2360",6495533,2
"2361",6495933,4
"2362",6497208,2
"2363",6503973,3
"2364",6509787,2
"2365",6510571,3
"2366",6512378,3
"2367",6514571,3
"2368",6515753,2
"2369",6516712,4
"2370",6517032,3
"2371",6525178,4
"2372",6530083,3
"2373",6535194,3
"2374",6538307,1
"2375",6538976,3
"2376",6540361,1
"2377",6541407,3
"2378",6544867,3
"2379",6548218,2
"2380",6548605,4
"2381",6549045,4
"2382",6643271,2
"2383",6724808,3
"2384",6739429,3
"2385",6808499,1
"2386",6813292,1
"2387",6845759,3
"2388",6871449,1
"2389",6874533,2
"2390",6881572,1
"2391",6911528,3
"2392",6921601,3
"2393",6938252,3
"2394",7010947,4
"2395",7013345,3
"2396",7019352,3
"2397",7048001,2
"2398",7050086,3
"2399",7052076,3
"2400",7059935,1
"2401",7060562,2
"2402",7105681,3
"2403",7149420,4
"2404",7161197,2
"2405",7165650,2
"2406",7166730,1
"2407",7169084,1
"2408",7171014,3
"2409",7193168,4
"2410",7195154,2
"2411",7199622,3
"2412",7202008,2
"2413",7202459,3
"2414",7205196,3
"2415",7205508,3
"2416",7206334,3
"2417",7211520,1
"2418",7213295,2
"2419",7217268,3
"2420",7220485,3
"2421",7222647,3
"2422",7224320,1
"2423",7224458,2
"2424",7225467,2
"2425",7226285,4
"2426",7226798,1
"2427",7230207,3
"2428",7238087,4
"2429",7242569,1
"2430",7242815,2
"2431",7243501,3
"2432",7245984,3
"2433",7252099,3
"2434",7254723,4
"2435",7256406,4
"2436",7257382,1
"2437",7259886,3
"2438",7260451,2
"2439",7260626,3
"2440",7268017,3
"2441",7268081,4
"2442",7268419,3
"2443",7271228,4
"2444",7275977,1
"2445",7285157,3
"2446",7289691,3
"2447",7291596,3
"2448",7291718,2
"2449",7292109,4
"2450",7294651,3
"2451",7296902,1
"2452",7297871,3
"2453",7303519,3
"2454",7304817,3
"2455",7311108,3
"2456",7311157,4
"2457",7314622,4
"2458",7315946,2
"2459",7316329,3
"2460",7321474,1
"2461",7323684,3
"2462",7323734,3
"2463",7323740,3
"2464",7323879,4
"2465",7324066,4
"2466",7324333,3
"2467",7326926,4
"2468",7327369,2
"2469",7327377,3
"2470",7328869,2
"2471",7330306,3
"2472",7331136,3
"2473",7331153,3
"2474",7331490,2
"2475",7332499,3
"2476",7334489,4
"2477",7336742,3
"2478",7337015,2
"2479",7337362,3
"2480",7342338,2
"2481",7346621,3
"2482",7348289,3
"2483",7350838,1
"2484",7354731,4
"2485",7355436,4
"2486",7356664,1
"2487",7360870,3
"2488",7364771,2
"2489",7366181,2
"2490",7369733,2
"2491",7372377,3
"2492",7374666,2
"2493",7477430,2
"2494",7502896,2
"2495",7524263,1
"2496",7557594,3
"2497",7561304,3
"2498",7592385,3
"2499",7634053,3
"2500",7639878,3
"2501",7641007,3
"2502",7643430,3
"2503",7644462,3
"2504",7671474,1
"2505",7673545,1
"2506",7688815,3
"2507",7747174,2
"2508",7749928,1
"2509",7770408,1
"2510",7775727,4
"2511",7785953,3
"2512",7816833,4
"2513",7817147,1
"2514",7842831,2
"2515",7847288,3
"2516",7860968,4
"2517",7862878,2
"2518",7871143,2
"2519",7883513,1
"2520",7892220,4
"2521",7909567,4
"2522",7911470,4
"2523",7914407,4
"2524",7927458,2
"2525",7927574,2
"2526",7947249,3
"2527",7977973,1
"2528",7995407,2
"2529",8007889,2
"2530",8022735,3
"2531",8037523,1
"2532",8059894,3
"2533",8090463,2
"2534",8092251,1
"2535",8099758,2
"2536",8135898,3
"2537",8137764,4
"2538",8145818,2
"2539",8174036,2
"2540",8221463,2
"2541",8238047,2
"2542",8244755,2
"2543",8244871,2
"2544",8302830,4
"2545",8310036,1
"2546",8318171,1
"2547",8329563,3
"2548",8374323,4
"2549",8384070,3
"2550",8392086,3
"2551",8405256,3
"2552",8421128,3
"2553",8434870,2
"2554",8443722,2
"2555",8485950,2
"2556",8492693,2
"2557",8494333,3
"2558",8495304,3
"2559",8498801,1
"2560",8504631,3
"2561",8539477,3
"2562",8546443,1
"2563",8553005,2
"2564",8578866,3
"2565",8584424,2
"2566",8588104,3
"2567",8631851,2
"2568",8635844,3
"2569",8645793,1
"2570",8646085,2
"2571",8650467,2
"2572",8659927,1
"2573",8664673,3
"2574",8679701,3
"2575",8689237,2
"2576",8695670,2
"2577",8695707,3
"2578",8695936,3
"2579",8696211,4
"2580",8696261,2
"2581",8734071,3
"2582",8754583,2
"2583",8759416,3
"2584",8759713,3
"2585",8772544,4
"2586",8775905,3
"2587",8787642,3
"2588",8799486,2
"2589",8813123,2
"2590",8842909,2
"2591",8847788,3
"2592",8857107,3
"2593",8860369,2
"2594",8880496,3
"2595",8903547,2
"2596",8906670,3
"2597",8908879,2
"2598",8909668,3
"2599",8913326,3
"2600",8933365,1
"2601",8944536,3
"2602",8968937,3
"2603",8975018,3
"2604",8977257,2
"2605",8980107,3
"2606",8988107,3
"2607",9002317,4
"2608",9009196,3
"2609",9011631,1
"2610",9037868,3
"2611",9046857,3
"2612",9048106,4
"2613",9050525,4
"2614",9051126,2
"2615",9061989,4
"2616",9069967,2
"2617",9077830,3
"2618",9078862,1
"2619",9090620,1
"2620",9092785,4
"2621",9103971,1
"2622",9114686,1
"2623",9115206,1
"2624",9133679,4
"2625",9140517,2
"2626",9146839,1
"2627",9164408,2
"2628",9203457,1
"2629",9213504,1
"2630",9216367,1
"2631",9216413,2
"2632",9224643,1
"2633",9231585,2
"2634",9234039,2
"2635",9235562,4
"2636",9276010,1
"2637",9276656,1
"2638",9300034,3
"2639",9309048,3
"2640",9319881,4
"2641",9332860,2
"2642",9344007,3
"2643",9366441,4
"2644",9389042,2
"2645",9409783,2
"2646",9425398,2
"2647",9426166,3
"2648",9429471,2
"2649",9433838,2
"2650",9492218,1
"2651",9497485,3
"2652",9499873,4
"2653",9541022,3
"2654",9542472,3
"2655",9565020,2
"2656",9583063,3
"2657",9609105,4
"2658",9613453,3
"2659",9657520,3
"2660",9668775,3
"2661",9683766,3
"2662",9685883,2
"2663",9690511,1
"2664",9729617,2
"2665",9755302,3
"2666",9780030,3
"2667",9791706,3
"2668",9792991,3
"2669",9824659,3
"2670",9824693,2
"2671",9828490,4
"2672",9841993,3
"2673",9847127,2
"2674",9848655,1
"2675",9865457,4
"2676",9876403,2
"2677",9887086,4
"2678",9897112,2
"2679",9898571,3
"2680",9930772,4
"2681",9930973,3
"2682",9934005,1
"2683",9943840,4
"2684",10013925,3
"2685",10032571,3
"2686",10036110,1
"2687",10056325,1
"2688",10075000,2
"2689",10075589,2
"2690",10107026,3
"2691",10109910,3
"2692",10132002,1
"2693",10139315,3
"2694",10161439,2
"2695",10194728,3
"2696",10233042,3
"2697",10250006,1
"2698",10261790,3
"2699",10262716,1
"2700",10269536,2
"2701",10292625,3
"2702",10310431,3
"2703",10313338,2
"2704",10329025,4
"2705",10341220,2
"2706",10343472,1
"2707",10345800,1
"2708",10383568,2
"2709",10387475,1
"2710",10395698,3
"2711",10396987,2
"2712",10403338,3
"2713",10412280,3
"2714",10413037,2
"2715",10414531,3
"2716",10416566,2
"2717",10463664,3
"2718",10485207,4
"2719",10485279,4
"2720",10506794,3
"2721",10533589,3
"2722",10540329,2
"2723",10541141,4
"2724",10544361,3
"2725",10550798,4
"2726",10554211,1
"2727",10581154,4
"2728",10590550,2
"2729",10618514,3
"2730",10622158,2
"2731",10680038,2
"2732",10695559,2
"2733",10714117,2
"2734",10715587,3
"2735",10716309,1
"2736",10721392,1
"2737",10721417,2
"2738",10722114,2
"2739",10727842,4
"2740",10735654,3
"2741",10737586,3
"2742",10738176,3
"2743",10742764,1
"2744",10744640,3
"2745",10747371,3
"2746",10750363,2
"2747",10752723,3
"2748",10752724,3
"2749",10757031,2
"2750",10863362,3
"2751",10896261,3
"2752",10916823,4
"2753",10960571,2
"2754",11053090,1
"2755",11096481,2
"2756",11167276,2
"2757",11167446,2
"2758",11168457,2
"2759",11169185,2
"2760",11169223,2
"2761",11169232,2
"2762",11172661,2
"2763",11188160,3
"2764",11225376,1
"2765",11244912,3
"2766",11332011,3
"2767",11357717,3
"2768",11489254,4
"2769",11640484,2
"2770",11646505,3
"2771",11835860,2
"2772",11863252,3
"2773",11963296,3
"2774",12041734,3
"2775",12251220,3
"2776",12254941,3
"2777",12336806,4
"2778",12341192,2
"2779",12341311,3
"2780",12403950,3
"2781",12426828,4
"2782",12436133,2
"2783",12454962,2
"2784",12519624,2
"2785",12530899,3
"2786",12559755,3
"2787",12561535,4
"2788",12562434,3
"2789",12587066,3
"2790",12613828,3
"2791",12614347,3
"2792",12615185,3
"2793",12673812,3
"2794",12676491,2
"2795",12693163,3
"2796",12720504,4
"2797",12720793,1
"2798",12721213,3
"2799",12743425,3
"2800",12771176,3
"2801",12819009,3
"2802",12819977,2
"2803",12822935,3
"2804",12845197,4
"2805",12847983,3
"2806",12848096,2
"2807",12876914,3
"2808",12900924,2
"2809",12926170,3
"2810",12951350,3
"2811",12951424,2
"2812",13003286,4
"2813",13054676,3
"2814",13055324,3
"2815",13065734,2
"2816",13137865,3
"2817",13140322,4
"2818",13183894,3
"2819",13230015,1
"2820",13230091,1
"2821",13232935,3
"2822",13258779,4
"2823",13283457,3
"2824",13285094,3
"2825",13310207,4
"2826",13310765,4
"2827",13334717,2
"2828",13361987,3
"2829",13362075,2
"2830",13362767,2
"2831",13391101,3
"2832",13391610,4
"2833",13449034,3
"2834",13450042,4
"2835",13473787,3
"2836",13476025,2
"2837",13492441,3
"2838",13497860,2
"2839",13530479,3
"2840",13584977,3
"2841",13598871,3
"2842",13607848,2
"2843",13614487,2
"2844",13616389,3
"2845",13709355,2
"2846",13745996,4
"2847",13809403,2
"2848",13820502,3
"2849",13832157,2
"2850",13832300,2
"2851",13832864,2
"2852",13863451,2
"2853",13907272,1
"2854",13911237,3
"2855",13995218,2
"2856",14017222,3
"2857",14049704,3
"2858",14088054,1
"2859",14160206,3
"2860",14313992,2
"2861",14314032,3
"2862",14492648,2
"2863",14500404,2
"2864",14502772,3
"2865",14503800,3
"2866",14503814,3
"2867",14510004,4
"2868",14511374,1
"2869",14517394,3
"2870",14523479,3
"2871",14523821,3
"2872",14524755,2
"2873",14539058,3
"2874",14544277,4
"2875",14546781,1
"2876",14558284,2
"2877",14559402,2
"2878",14560497,2
"2879",14562492,4
"2880",14568409,3
"2881",14569315,2
"2882",14572187,2
"2883",14575707,4
"2884",14585548,3
"2885",14585595,3
"2886",14591488,1
"2887",14595555,4
"2888",14596530,4
"2889",14599210,2
"2890",14599221,2
"2891",14600175,2
"2892",14602125,3
"2893",14604870,3
"2894",14609634,4
"2895",14612192,1
"2896",14629107,3
"2897",14631728,3
"2898",14633295,3
"2899",14633636,2
"2900",14636094,1
"2901",14636284,3
"2902",14636760,3
"2903",14637603,3
"2904",14637947,3
"2905",14647366,2
"2906",14652055,3
"2907",14654269,3
"2908",14655410,2
"2909",14657469,3
"2910",14660818,2
"2911",14668031,4
"2912",14671295,4
"2913",14671865,3
"2914",14673628,4
"2915",14680367,2
"2916",14684287,3
"2917",14687755,1
"2918",14691307,4
"2919",14691575,3
"2920",14694727,3
"2921",14700950,3
"2922",14701331,4
"2923",14701336,3
"2924",14702613,3
"2925",14702676,2
"2926",14706656,2
"2927",14711915,4
"2928",14720152,2
"2929",14720795,3
"2930",14724583,4
"2931",14728272,3
"2932",14728712,3
"2933",14731333,2
"2934",14733130,4
"2935",14738214,3
"2936",14741230,2
"2937",14741422,2
"2938",14742194,4
"2939",14744865,2
"2940",14747932,3
"2941",14753467,3
"2942",14753623,3
"2943",14766182,2
"2944",14768968,4
"2945",14773892,2
"2946",14775367,2
"2947",14790641,1
"2948",14791342,4
"2949",14794547,3
"2950",14795085,2
"2951",14798680,2
"2952",14800468,3
"2953",14835273,3
"2954",14844237,3
"2955",14847341,3
"2956",14888994,2
"2957",14897735,3
"2958",14920567,3
"2959",14923680,4
"2960",14928431,1
"2961",14930309,1
"2962",14934122,2
"2963",14947706,3
"2964",14949244,2
"2965",14951843,2
"2966",14952348,4
"2967",14952886,3
"2968",14958636,4
"2969",14965022,3
"2970",14965838,3
"2971",14976028,4
"2972",14978018,2
"2973",14985986,3
"2974",14987902,2
"2975",14996212,3
"2976",15004511,3
"2977",15005687,3
"2978",15007737,3
"2979",15009917,3
"2980",15010223,3
"2981",15018069,2
"2982",15018576,1
"2983",15019977,3
"2984",15023619,3
"2985",15025021,2
"2986",15026765,4
"2987",15038196,2
"2988",15038695,1
"2989",15040635,1
"2990",15041937,3
"2991",15042709,2
"2992",15045456,3
"2993",15046303,2
"2994",15053926,3
"2995",15059730,3
"2996",15060681,1
"2997",15064056,3
"2998",15067240,2
"2999",15073601,2
"3000",15074043,3
"3001",15074688,4
"3002",15076270,3
"3003",15079270,3
"3004",15082195,3
"3005",15083066,3
"3006",15085267,2
"3007",15086373,2
"3008",15087342,1
"3009",15092733,2
"3010",15093089,4
"3011",15095208,3
"3012",15098465,2
"3013",15101470,3
"3014",15108217,3
"3015",15109897,1
"3016",15112820,2
"3017",15112913,3
"3018",15115945,2
"3019",15119157,3
"3020",15126444,2
"3021",15139216,1
"3022",15144684,2
"3023",15147735,3
"3024",15149782,2
"3025",15156696,3
"3026",15157070,3
"3027",15161003,2
"3028",15163446,3
"3029",15165564,3
"3030",15166663,3
"3031",15167965,2
"3032",15168649,4
"3033",15169083,3
"3034",15170973,3
"3035",15175714,2
"3036",15184197,1
"3037",15186949,3
"3038",15188950,3
"3039",15189681,1
"3040",15192398,2
"3041",15204348,2
"3042",15206003,3
"3043",15206896,2
"3044",15207201,3
"3045",15207664,1
"3046",15208205,3
"3047",15214073,2
"3048",15215452,3
"3049",15215481,4
"3050",15217139,3
"3051",15219535,3
"3052",15290704,3
"3053",15292400,3
"3054",15292628,3
"3055",15293797,3
"3056",15295555,3
"3057",15295880,3
"3058",15299621,3
"3059",15487858,1
"3060",15908118,3
"3061",15913098,2
"3062",16189451,2
"3063",16190188,1
"3064",16191788,2
"3065",16192222,3
"3066",16405826,3
"3067",16531756,1
"3068",16637957,3
"3069",16729006,2
"3070",16917010,2
"3071",17055532,2
"3072",17056138,3
"3073",17057261,3
"3074",17061499,2
"3075",17062232,3
"3076",17067160,3
"3077",17068648,3
"3078",17101412,3
"3079",17101554,4
"3080",17104134,4
"3081",17104586,3
"3082",17106526,2
"3083",17419226,3
"3084",17550348,1
"3085",17729641,4
"3086",17864755,3
"3087",18135652,3
"3088",18137623,3
"3089",18137997,2
"3090",18142587,4
"3091",18148179,3
"3092",18162362,2
"3093",18163961,3
"3094",18164448,4
"3095",18168198,3
"3096",18171550,3
"3097",18171891,2
"3098",18571188,3
"3099",18608705,3
"3100",19000199,1
"3101",19413239,3
"3102",19606569,2
"3103",19606712,3
"3104",19612687,4
"3105",19613860,3
"3106",19615869,4
"3107",19616360,3
"3108",19634623,3
"3109",19650381,2
"3110",19651361,1
"3111",19657746,2
"3112",19669170,1
"3113",19690139,3
"3114",19697137,3
"3115",19699232,2
"3116",19703858,3
"3117",19705839,1
"3118",19711634,2
"3119",19712044,2
"3120",19721882,3
"3121",19722710,4
"3122",19724435,2
"3123",19725250,3
"3124",19727779,4
"3125",19727973,4
"3126",19731536,2
"3127",19733332,3
"3128",19737294,2
"3129",19738319,3
"3130",19739073,4
"3131",19740411,4
"3132",19742294,1
"3133",19744013,4
"3134",19744631,4
"3135",19745101,3
"3136",19745853,2
"3137",19751725,2
"3138",19757774,3
"3139",19759228,2
"3140",19761794,3
"3141",19764495,3
"3142",19764527,2
"3143",20542549,1
"3144",20840326,2
"3145",20841554,3
"3146",20843355,2
"3147",20845150,3
"3148",20845691,4
"3149",20846861,3
"3150",20851232,2
"3151",20851525,2
"3152",20851728,4
"3153",20853265,3
"3154",20857646,3
"3155",20857731,3
"3156",20858726,1
"3157",20861215,2
"3158",20862110,3
"3159",20863519,3
"3160",20863594,4
"3161",20865794,3
"3162",20874387,4
"3163",20887284,3
"3164",20893756,2
"3165",20895491,3
"3166",20907067,4
"3167",20912818,2
"3168",20916629,3
"3169",20924056,4
"3170",20926476,3
"3171",20929489,2
"3172",20931856,3
"3173",20934980,3
"3174",20935056,3
"3175",20939878,3
"3176",20940042,4
"3177",20940336,3
"3178",20943930,3
"3179",20943987,3
"3180",20951728,3
"3181",20963728,3
"3182",20965669,3
"3183",20968733,3
"3184",20969632,1
"3185",20973050,3
"3186",20975745,4
"3187",20976295,2
"3188",20982071,3
"3189",20983261,3
"3190",20988897,2
"3191",20992570,2
"3192",20993652,2
"3193",20994898,3
"3194",21015696,4
"3195",21020295,3
"3196",21023820,4
"3197",21027988,2
"3198",21037766,3
"3199",21040272,3
"3200",21042063,2
"3201",21055993,3
"3202",21064536,3
"3203",21066684,2
"3204",21093075,3
"3205",21096023,2
"3206",21105453,3
"3207",21109837,3
"3208",21112108,4
"3209",21132651,2
"3210",21165867,4
"3211",21182504,3
"3212",21188002,3
"3213",21216733,3
"3214",21226887,2
"3215",21230721,2
"3216",21238282,3
"3217",21245939,3
"3218",21250006,3
"3219",21253870,4
"3220",21257743,3
"3221",21266277,3
"3222",21271764,3
"3223",21272331,3
"3224",21273654,1
"3225",21291443,3
"3226",21293420,3
"3227",21295896,3
"3228",21297221,2
"3229",21299519,3
"3230",21299838,3
"3231",22345929,2
"3232",22391356,2
"3233",22505876,2
"3234",22767095,4
"3235",23077745,2
"3236",23096212,3
"3237",23096589,2
"3238",23100377,2
"3239",23105640,4
"3240",23108170,3
"3241",23113901,2
"3242",23123044,2
"3243",23126587,2
"3244",23126616,2
"3245",23126736,2
"3246",23130113,1
"3247",23134262,3
"3248",23141866,1
"3249",23144887,2
"3250",23145288,1
"3251",23175056,4
"3252",23177041,1
"3253",23187170,3
"3254",23189847,3
"3255",23192612,1
"3256",23192942,2
"3257",23196455,2
"3258",23198436,2
"3259",23202581,2
"3260",23202633,2
"3261",23204924,3
"3262",23210937,3
"3263",23211618,2
"3264",23211897,4
"3265",23212527,3
"3266",23215460,4
"3267",23221403,4
"3268",23223062,2
"3269",23226920,2
"3270",23228385,3
"3271",23231026,1
"3272",23231948,3
"3273",23234589,3
"3274",23234978,4
"3275",23235474,3
"3276",23235491,4
"3277",23238402,3
"3278",23241956,4
"3279",23247060,1
"3280",23248629,2
"3281",23250713,2
"3282",23252165,1
"3283",23253848,4
"3284",23255631,2
"3285",23257524,2
"3286",23258856,2
"3287",23260008,2
"3288",23260967,4
"3289",23261510,2
"3290",23263642,4
"3291",23266321,2
"3292",23268651,2
"3293",23268915,3
"3294",23272204,3
"3295",23273571,3
"3296",23274241,4
"3297",23274521,2
"3298",23277480,1
"3299",23278805,2
"3300",23282690,3
"3301",23283171,2
"3302",23283932,2
"3303",23288424,3
"3304",23288434,2
"3305",23290639,4
"3306",23297675,4
"3307",23298973,2
"3308",23302740,3
"3309",23303962,4
"3310",23304783,3
"3311",23305447,3
"3312",23306054,3
"3313",23308806,3
"3314",23310048,2
"3315",23310606,3
"3316",23311482,3
"3317",23324090,3
"3318",23324465,1
"3319",23325762,3
"3320",23327438,2
"3321",23327563,4
"3322",23328376,4
"3323",23328565,4
"3324",23328731,1
"3325",23331780,3
"3326",23385846,3
"3327",23389152,3
"3328",23392748,3
"3329",23392996,3
"3330",23393739,2
"3331",23398125,3
"3332",23398959,3
"3333",23416912,3
"3334",23418516,2
"3335",23419615,4
"3336",23420150,3
"3337",23421647,3
"3338",23424768,4
"3339",23426213,3
"3340",23426441,3
"3341",23426453,3
"3342",23427912,2
"3343",23428975,4
"3344",23429267,1
"3345",23431724,2
"3346",23431979,3
"3347",23436057,4
"3348",23442295,3
"3349",23443330,3
"3350",23444876,2
"3351",23448719,3
"3352",23453663,3
"3353",23454668,2
"3354",23456411,3
"3355",23456826,3
"3356",23459931,3
"3357",23460494,3
"3358",23461393,1
"3359",23461530,1
"3360",23461927,3
"3361",23473025,3
"3362",23486504,3
"3363",23506784,3
"3364",23507153,3
"3365",23539633,3
"3366",23625416,2
"3367",23626871,4
"3368",23627796,4
"3369",23629373,2
"3370",23630957,3
"3371",23631692,1
"3372",23633053,3
"3373",23656261,2
"3374",23665294,1
"3375",23702359,3
"3376",23703433,2
"3377",23705789,3
"3378",23712113,4
"3379",23712200,2
"3380",23714755,2
"3381",23716719,1
"3382",23717724,3
"3383",23718867,3
"3384",23719113,3
"3385",23719266,4
"3386",23721519,2
"3387",23722635,3
"3388",23727991,4
"3389",23730790,4
"3390",23733761,3
"3391",23744043,2
"3392",23744516,3
"3393",23752906,1
"3394",23756136,2
"3395",23756668,2
"3396",23757692,3
"3397",23761152,2
"3398",23770930,3
"3399",23771720,3
"3400",23775521,4
"3401",23775807,3
"3402",23779262,3
"3403",23782440,1
"3404",23783651,3
"3405",23784586,3
"3406",23790770,3
"3407",23791888,3
"3408",23793089,3
"3409",23795168,3
"3410",23805370,1
"3411",23835656,4
"3412",23836701,3
"3413",23841400,3
"3414",23841608,3
"3415",23841707,3
"3416",23846889,1
"3417",23847007,2
"3418",23851243,3
"3419",23857612,3
"3420",23858364,3
"3421",23859435,3
"3422",23861049,1
"3423",23862320,3
"3424",23866605,2
"3425",23870790,1
"3426",23872328,3
"3427",23873268,3
"3428",23875943,2
"3429",23915455,3
"3430",23960513,1
"3431",23960752,3
"3432",23961161,3
"3433",23963096,4
"3434",23963410,3
"3435",23963526,3
"3436",23963680,4
"3437",23983716,3
"3438",23984080,2
"3439",23986944,2
"3440",23987461,2
"3441",23987708,4
"3442",23987830,1
"3443",24005019,4
"3444",24006725,2
"3445",24008948,2
"3446",24009056,3
"3447",24011857,4
"3448",24013558,1
"3449",24096502,3
"3450",24096766,3
"3451",24097010,3
"3452",24097126,4
"3453",24098291,3
"3454",24098815,3
"3455",24099728,3
"3456",24111462,1
"3457",24111904,3
"3458",24115134,3
"3459",24120735,4
"3460",24121782,2
"3461",24121871,4
"3462",24121998,3
"3463",24141830,3
"3464",24239235,1
"3465",24244178,3
"3466",24244787,3
"3467",24246310,3
"3468",24248011,3
"3469",24252913,3
"3470",24255932,3
"3471",24256196,2
"3472",24261670,3
"3473",24265683,3
"3474",24275649,3
"3475",24291091,3
"3476",24292980,3
"3477",24293725,2
"3478",24340204,3
"3479",24340497,3
"3480",24342704,4
"3481",24344356,2
"3482",24344757,2
"3483",24345439,2
"3484",24345602,1
"3485",24347333,2
"3486",24364630,3
"3487",24365402,3
"3488",24388021,3
"3489",24392349,3
"3490",24408213,4
"3491",24408690,1
"3492",24413358,4
"3493",24415644,2
"3494",24417799,3
"3495",24418379,3
"3496",24439674,3
"3497",24452256,2
"3498",24453701,3
"3499",24455081,1
"3500",24456272,3
"3501",24456935,3
"3502",24457370,2
"3503",24458226,3
"3504",24458652,3
"3505",24462719,2
"3506",24492592,3
"3507",24505713,2
"3508",24509422,3
"3509",24511299,4
"3510",24512003,4
"3511",24512134,2
"3512",24512273,1
"3513",24514970,2
"3514",24524132,4
"3515",24528843,3
"3516",24529849,3
"3517",24530035,3
"3518",24531418,2
"3519",24535017,3
"3520",24535670,4
"3521",24535717,1
"3522",24536733,2
"3523",24537151,3
"3524",24539098,3
"3525",24541436,2
"3526",24542641,3
"3527",24544165,2
"3528",24545978,3
"3529",24548240,3
"3530",24550898,2
"3531",24556979,1
"3532",24583752,2
"3533",24584265,1
"3534",24593956,3
"3535",24595908,3
"3536",24596047,1
"3537",24624895,3
"3538",24626991,1
"3539",24627683,3
"3540",24627691,2
"3541",24628858,2
"3542",24628891,4
"3543",24629043,2
"3544",24634442,2
"3545",24635534,4
"3546",24643013,4
"3547",24643695,3
"3548",24644530,3
"3549",24644922,3
"3550",24647714,2
"3551",24650716,3
"3552",24651149,3
"3553",24652280,3
"3554",24652569,3
"3555",24652647,3
"3556",24653676,3
"3557",24653815,3
"3558",24654063,3
"3559",24655986,2
"3560",24656902,3
"3561",24657651,2
"3562",24658121,3
"3563",24658737,3
"3564",24659100,2
"3565",24659388,1
"3566",24659425,4
"3567",24659437,2
"3568",24659619,2
"3569",24659890,2
"3570",24660510,2
"3571",24660715,3
"3572",24661200,3
"3573",24661224,3
"3574",24661505,4
"3575",24661527,4
"3576",24661643,2
"3577",24661696,2
"3578",24661902,2
"3579",24662410,4
"3580",24662802,4
"3581",24664593,2
"3582",24665225,2
"3583",24677572,3
"3584",24677604,4
"3585",24677893,2
"3586",24680552,3
"3587",24680554,3
"3588",24681245,4
"3589",24682482,2
"3590",24685048,2
"3591",24686045,1
"3592",24688895,2
"3593",24701115,3
"3594",24709185,3
"3595",24709700,1
"3596",24710612,4
"3597",24712966,4
"3598",24713289,4
"3599",24713303,1
"3600",24713912,3
"3601",24713965,2
"3602",24714568,3
"3603",24715728,2
"3604",24727834,4
"3605",24728285,3
"3606",24734995,4
"3607",24745505,3
"3608",24751042,3
"3609",24751428,3
"3610",24754055,4
"3611",24764631,1
"3612",24765787,4
"3613",24766249,3
"3614",24768253,4
"3615",24768460,3
"3616",24771249,4
"3617",24784078,2
"3618",24784338,3
"3619",24784909,3
"3620",24785701,2
"3621",24794547,2
"3622",24796454,3
"3623",24796694,1
"3624",24797014,1
"3625",24797352,2
"3626",24797445,3
"3627",24798208,3
"3628",24798904,2
"3629",24800632,2
"3630",24803069,4
"3631",24804523,4
"3632",24805314,2
"3633",24806659,2
"3634",24806786,1
"3635",24807046,2
"3636",24807573,2
"3637",24810399,4
"3638",24811402,1
"3639",24814412,3
"3640",24816690,3
"3641",24818052,4
"3642",24820640,2
"3643",24823575,1
"3644",24823829,2
"3645",24824761,3
"3646",24824820,2
"3647",24825243,4
"3648",24825349,2
"3649",24825478,3
"3650",24825854,2
"3651",24828120,2
"3652",24828498,3
"3653",24829835,3
"3654",24829952,2
"3655",24831701,4
"3656",24832908,2
"3657",24838204,2
"3658",24838336,3
"3659",24839336,4
"3660",24841440,2
"3661",24841472,3
"3662",24842780,2
"3663",24842835,4
"3664",24842852,3
"3665",24843112,4
"3666",24846670,2
"3667",24847452,2
"3668",24852534,1
"3669",24855740,3
"3670",24856528,1
"3671",24858318,2
"3672",24862080,4
"3673",24862212,1
"3674",24862345,2
"3675",24864114,2
"3676",24865315,3
"3677",24865703,3
"3678",24867092,3
"3679",24867622,2
"3680",24869368,1
"3681",24869577,1
"3682",24869898,2
"3683",24869901,2
"3684",24871221,2
"3685",24872718,1
"3686",24874894,3
"3687",24876075,1
"3688",24876597,3
"3689",24877327,1
"3690",24879408,3
"3691",24881762,2
"3692",24883447,2
"3693",24892225,4
"3694",24893906,3
"3695",24894909,2
"3696",24896716,2
"3697",24900993,2
"3698",24904141,2
"3699",24904213,3
"3700",24909421,2
"3701",24915449,2
"3702",24921408,1
"3703",24923057,3
"3704",24924535,3
"3705",24927338,3
"3706",24928584,3
"3707",24929429,1
"3708",24929430,1
"3709",24929595,2
"3710",24931318,2
"3711",24932139,2
"3712",24935924,4
"3713",24939687,2
"3714",24939995,3
"3715",24943322,1
"3716",24943338,1
"3717",24944994,2
"3718",24945242,1
"3719",24945476,2
"3720",24946247,4
"3721",24946891,4
"3722",24947392,1
"3723",24947598,3
"3724",24947665,2
"3725",24949636,3
"3726",24950262,1
"3727",24951333,3
"3728",24952058,1
"3729",24952627,4
"3730",24952760,3
"3731",24952786,4
"3732",24957315,4
"3733",24960164,2
"3734",24961949,2
"3735",24963821,2
"3736",24966022,2
"3737",24966517,3
"3738",24971454,4
"3739",24973005,3
"3740",24975206,1
"3741",24995197,3
"3742",25118256,1
"3743",25118621,2
"3744",25118779,2
"3745",25126142,1
"3746",25129977,2
"3747",25131380,2
"3748",25134855,2
"3749",25134900,4
"3750",25136207,2
"3751",25136452,4
"3752",25136828,3
"3753",25137515,2
"3754",25138754,3
"3755",25139593,2
"3756",25142698,1
"3757",25143821,1
"3758",25144626,2
"3759",25145172,1
"3760",25146385,4
"3761",25147088,2
"3762",25147355,3
"3763",25147988,1
"3764",25150340,3
"3765",25151437,2
"3766",25152934,4
"3767",25155357,2
"3768",25158644,4
"3769",25160786,2
"3770",25164241,4
"3771",25165260,2
"3772",25171145,2
"3773",25174449,2
"3774",25178149,3
"3775",25179375,1
"3776",25179600,1
"3777",25182357,4
"3778",25186440,3
"3779",25188797,4
"3780",25188867,2
"3781",25191537,3
"3782",25192347,3
"3783",25192915,3
"3784",25196601,2
"3785",25197754,3
"3786",25198232,3
"3787",25199260,3
"3788",25200364,2
"3789",25202529,2
"3790",25203938,2
"3791",25204775,2
"3792",25205269,3
"3793",25205824,3
"3794",25207086,2
"3795",25207325,1
"3796",25209222,3
"3797",25209594,1
"3798",25210330,1
"3799",25212098,3
"3800",25214138,3
"3801",25218360,3
"3802",25218546,1
"3803",25219724,2
"3804",25221292,1
"3805",25226389,2
"3806",25229822,4
"3807",25234715,4
"3808",25235214,2
"3809",25239117,3
"3810",25245472,2
"3811",25247733,2
"3812",25250574,1
"3813",25251127,1
"3814",25251575,2
"3815",25253659,3
"3816",25254224,1
"3817",25254272,2
"3818",25256016,2
"3819",25256331,3
"3820",25258024,4
"3821",25261294,2
"3822",25262129,2
"3823",25262550,3
"3824",25263478,2
"3825",25265301,2
"3826",25266819,4
"3827",25268989,2
"3828",25270371,1
"3829",25275021,2
"3830",25275893,3
"3831",25277348,1
"3832",25278884,3
"3833",25280536,3
"3834",25280550,2
"3835",25281128,3
"3836",25281838,4
"3837",25282690,1
"3838",25282768,1
"3839",25283265,3
"3840",25283362,1
"3841",25284583,2
"3842",25288037,1
"3843",25288157,3
"3844",25290778,1
"3845",25297836,4
"3846",25298299,2
"3847",25299804,2
"3848",25301648,3
"3849",25302121,1
"3850",25308033,4
"3851",25308034,2
"3852",25308329,1
"3853",25308488,4
"3854",25311131,2
"3855",25311154,1
"3856",25311196,1
"3857",25311340,2
"3858",25311409,2
"3859",25311714,4
"3860",25312620,4
"3861",25314010,4
"3862",25314151,2
"3863",25321683,4
"3864",25322749,1
"3865",25324165,3
"3866",25324659,3
"3867",25326413,2
"3868",25335347,4
"3869",25337949,2
"3870",25338625,2
"3871",25338907,4
"3872",25339187,2
"3873",25339429,3
"3874",25341039,3
"3875",25348947,2
"3876",25349932,4
"3877",25350942,3
"3878",25352228,1
"3879",25352358,1
"3880",25352569,3
"3881",25352834,4
"3882",25352969,2
"3883",25353201,1
"3884",25353346,2
"3885",25354218,3
"3886",25355835,1
"3887",25357802,4
"3888",25358062,1
"3889",25359095,2
"3890",25360101,4
"3891",25368068,3
"3892",25369263,4
"3893",25370135,1
"3894",25370436,3
"3895",25372418,3
"3896",25372833,2
"3897",25375117,3
"3898",25378187,4
"3899",25380004,1
"3900",25380792,2
"3901",25386026,2
"3902",25386289,3
"3903",25387081,3
"3904",25390798,2
"3905",25395231,3
"3906",25395664,3
"3907",25396916,2
"3908",25399680,1
"3909",25400241,4
"3910",25401474,2
"3911",25401612,3
"3912",25404464,3
"3913",25404594,1
"3914",25409062,3
"3915",25411394,2
"3916",25411659,1
"3917",25412208,2
"3918",25414401,1
"3919",25425080,1
"3920",25425687,3
"3921",25426053,2
"3922",25428229,4
"3923",25428461,2
"3924",25429369,3
"3925",25431397,1
"3926",25433964,4
"3927",25434979,1
"3928",25435973,3
"3929",25436862,2
"3930",25437499,3
"3931",25438246,1
"3932",25438554,2
"3933",25440037,2
"3934",25440924,3
"3935",25443889,1
"3936",25445294,3
"3937",25445357,4
"3938",25446449,1
"3939",25451106,3
"3940",25453187,1
"3941",25454030,3
"3942",25458008,4
"3943",25461158,3
"3944",25463083,2
"3945",25465054,3
"3946",25465767,3
"3947",25466032,1
"3948",25466511,2
"3949",25474980,3
"3950",25481405,2
"3951",25482600,4
"3952",25482605,2
"3953",25484886,1
"3954",25488953,2
"3955",25489246,3
"3956",25489409,4
"3957",25489502,2
"3958",25489818,2
"3959",25490329,1
"3960",25491881,3
"3961",25493455,1
"3962",25494168,3
"3963",25502326,4
"3964",25504765,2
"3965",25504964,3
"3966",25505112,1
"3967",25509093,1
"3968",25514925,2
"3969",25517896,1
"3970",25518908,2
"3971",25519861,3
"3972",25520622,1
"3973",25523642,2
"3974",25525213,2
"3975",25525411,3
"3976",25528395,4
"3977",25529130,1
"3978",25531514,2
"3979",25533109,2
"3980",25534188,2
"3981",25535623,2
"3982",25535629,3
"3983",25538348,3
"3984",25539712,2
"3985",25539750,3
"3986",25540217,2
"3987",25540249,1
"3988",25540366,1
"3989",25541956,2
"3990",25543455,2
"3991",25544222,2
"3992",25544614,1
"3993",25544655,3
"3994",25544917,3
"3995",25548706,4
"3996",25549113,2
"3997",25549120,1
"3998",25550704,2
"3999",25552167,3
"4000",25553752,3
"4001",25554220,1
"4002",25555798,2
"4003",25555806,2
"4004",25557092,1
"4005",25559301,1
"4006",25559308,1
"4007",25561296,1
"4008",25565415,1
"4009",25567546,1
"4010",25570744,3
"4011",25570770,2
"4012",25570879,1
"4013",25573215,1
"4014",25573709,2
"4015",25573921,1
"4016",25574713,4
"4017",25575895,3
"4018",25577625,2
"4019",25578328,2
"4020",25578734,3
"4021",25580561,1
"4022",25580678,3
"4023",25582088,2
"4024",25582531,1
"4025",25582590,4
"4026",25583035,2
"4027",25583102,1
"4028",25584598,1
"4029",25586402,1
"4030",25587975,2
"4031",25588272,1
"4032",25589057,3
"4033",25591972,3
"4034",25592722,1
"4035",25592774,3
"4036",25592884,2
"4037",25593184,2
"4038",25595024,2
"4039",25595710,1
"4040",25596865,1
"4041",25596975,1
"4042",25596979,1
"4043",25597383,1
"4044",25597391,1
"4045",25599272,1
"4046",25601905,3
"4047",25605050,1
"4048",25605729,1
"4049",25606160,1
"4050",25608712,1
"4051",25609166,1
"4052",25609218,1
"4053",25609875,2
"4054",25611605,1
"4055",25614603,4
"4056",25614800,3
"4057",25615194,3
"4058",25617000,1
"4059",25617077,1
"4060",25618202,1
"4061",25618930,3
"4062",25619440,3
"4063",25620575,1
"4064",25620679,1
"4065",25621467,1
"4066",25621497,1
"4067",25622668,3
"4068",25623569,4
"4069",25624769,4
"4070",25626388,2
"4071",25630643,3
"4072",25632580,2
"4073",25632838,1
"4074",25633038,2
"4075",25634603,1
"4076",25635612,2
"4077",25640819,4
"4078",25642060,1
"4079",25643869,1
"4080",25645989,2
"4081",25657890,4
"4082",25659830,3
"4083",25665169,2
"4084",25665426,1
"4085",25665768,1
"4086",25665820,1
"4087",25666554,1
"4088",25669633,1
"4089",25672386,2
"4090",25672530,3
"4091",25678828,1
"4092",25681020,1
"4093",25682250,1
"4094",25683859,2
"4095",25684154,1
"4096",25685050,3
"4097",25686219,2
"4098",25686670,1
"4099",25697294,1
"4100",25697591,1
"4101",25697600,4
"4102",25699701,1
"4103",25702460,3
"4104",25710718,2
"4105",25714179,2
"4106",25716394,4
"4107",25717666,3
"4108",25718250,1
"4109",25723813,1
"4110",25723989,1
"4111",25724212,4
"4112",25724266,1
"4113",25726521,3
"4114",25726989,2
"4115",25727126,1
"4116",25727233,1
"4117",25728518,3
"4118",25729375,4
"4119",25736684,1
"4120",25739323,1
"4121",25748674,3
"4122",25753724,3
"4123",25753802,2
"4124",25773497,2
"4125",25775099,1
"4126",25775173,2
"4127",25778828,1
"4128",25783125,4
"4129",25794165,2
"4130",25795210,2
"4131",25797673,2
"4132",25816220,2
"4133",25838972,1
"4134",25846983,3
"4135",25855315,3
"4136",25858076,3
"4137",25859636,2
"4138",25859759,1
"4139",25860443,4
"4140",25860882,2
"4141",25890913,2
"4142",25891047,4
"4143",25891309,4
"4144",25891572,2
"4145",25892454,1
"4146",25894617,4
"4147",25897178,1
"4148",25899560,3
"4149",25901099,2
"4150",25905388,1
"4151",25905389,3
"4152",25905739,1
"4153",25906759,2
"4154",25907318,2
"4155",25913364,3
"4156",25913784,2
"4157",25913860,2
"4158",25919779,4
"4159",25919891,2
"4160",25919900,2
"4161",25920373,4
"4162",25920437,4
"4163",25923896,1
"4164",25927194,2
"4165",25927682,2
"4166",25928273,3
"4167",25930184,1
"4168",25930831,1
"4169",25935616,2
"4170",25940317,2
"4171",25941749,2
"4172",25942397,2
"4173",25943269,2
"4174",25944025,2
"4175",25946288,2
"4176",25946844,1
"4177",25953097,2
"4178",25953236,4
"4179",25956804,3
"4180",25959346,3
"4181",25962554,3
"4182",25962716,3
"4183",25962760,2
"4184",25962846,3
"4185",25966681,3
"4186",25967855,3
"4187",25968040,3
"4188",25971084,2
"4189",25972862,2
"4190",25972916,1
"4191",25975234,1
"4192",25975999,1
"4193",25978288,1
"4194",25979134,3
"4195",25983777,4
"4196",25986044,3
"4197",25986386,2
"4198",25987561,2
"4199",25989205,3
"4200",25991925,4
"4201",25997229,3
"4202",25999888,2
"4203",26004574,2
"4204",26009942,2
"4205",26013776,1
"4206",26014311,1
"4207",26014498,2
"4208",26017709,3
"4209",26019340,1
"4210",26020151,3
"4211",26020168,2
"4212",26020325,1
"4213",26021740,3
"4214",26024302,2
"4215",26025347,2
"4216",26030885,1
"4217",26035485,1
"4218",26038335,4
"4219",26038564,3
"4220",26039033,3
"4221",26039542,2
"4222",26042708,1
"4223",26043424,3
"4224",26045806,2
"4225",26049564,2
"4226",26050224,2
"4227",26050277,4
"4228",26052746,3
"4229",26054788,2
"4230",26055176,2
"4231",26069406,3
"4232",26069485,2
"4233",26069680,2
"4234",26071763,3
"4235",26073250,1
"4236",26075019,1
"4237",26075223,2
"4238",26077736,2
"4239",26080029,2
"4240",26086636,2
"4241",26086641,2
"4242",26087003,2
"4243",26090493,1
"4244",26092970,3
"4245",26095105,1
"4246",26096179,2
"4247",26103034,1
"4248",26103925,2
"4249",26104265,1
"4250",26112799,2
"4251",26113336,4
"4252",26114303,3
"4253",26122812,2
"4254",26122843,2
"4255",26127889,4
"4256",26128060,3
"4257",26129562,2
"4258",26132660,1
"4259",26135002,3
"4260",26138999,3
"4261",26139683,4
"4262",26140996,1
"4263",26142441,2
"4264",26145792,2
"4265",26151852,1
"4266",26152849,3
"4267",26154378,3
"4268",26154779,1
"4269",26154985,3
"4270",26155931,4
"4271",26157599,3
"4272",26158193,1
"4273",26158616,2
"4274",26164077,4
"4275",26165981,4
"4276",26171047,4
"4277",26175502,2
"4278",26176904,1
"4279",26177681,2
"4280",26178479,1
"4281",26179281,2
"4282",26181020,2
"4283",26181802,1
"4284",26182343,2
"4285",26184712,3
"4286",26186288,3
"4287",26186684,1
"4288",26187447,2
"4289",26188036,3
"4290",26188432,4
"4291",26192019,3
"4292",26194624,2
"4293",26200560,1
"4294",26203312,2
"4295",26206898,3
"4296",26209162,3
"4297",26209412,1
"4298",26211566,4
"4299",26213940,2
"4300",26214317,3
"4301",26216104,2
"4302",26216874,2
"4303",26217302,3
"4304",26226255,2
"4305",26226280,2
"4306",26227004,1
"4307",26229866,1
"4308",26233510,1
"4309",26235370,2
"4310",26235396,1
"4311",26236871,2
"4312",26242351,2
"4313",26242500,2
"4314",26244226,3
"4315",26247229,2
"4316",26248320,1
"4317",26248531,1
"4318",26249654,2
"4319",26250840,2
"4320",26251999,3
"4321",26254204,1
"4322",26255714,3
"4323",26257375,2
"4324",26258005,2
"4325",26258161,2
"4326",26263933,1
"4327",26264458,2
"4328",26266883,3
"4329",26269825,2
"4330",26270419,2
"4331",26272461,3
"4332",26272720,2
"4333",26272880,1
"4334",26275711,1
"4335",26276415,2
"4336",26280025,3
"4337",26280188,1
"4338",26282930,2
"4339",26283048,3
"4340",26284433,3
"4341",26288455,2
"4342",26288795,3
"4343",26289048,3
"4344",26294874,2
"4345",26295666,2
"4346",26297141,1
"4347",26297370,2
"4348",26297552,1
"4349",26298088,2
"4350",26298592,2
"4351",26304461,1
"4352",26305532,3
"4353",26307051,3
"4354",26310477,2
"4355",26311413,4
"4356",26311426,1
"4357",26312123,1
"4358",26316997,2
"4359",26319296,3
"4360",26320968,1
"4361",26320975,1
"4362",26321784,1
"4363",26331884,2
"4364",26333656,1
"4365",26335577,1
"4366",26336419,2
"4367",26339702,1
"4368",26357148,3
"4369",26357637,1
"4370",26386122,2
"4371",26388102,3
"4372",26391421,2
"4373",26393323,1
"4374",26394924,4
"4375",26398200,2
"4376",26398672,3
"4377",26402426,1
"4378",26403655,2
"4379",26405563,2
"4380",26411524,2
"4381",26415585,2
"4382",26417167,2
"4383",26420317,2
"4384",26421624,2
"4385",26425733,2
"4386",26426240,1
"4387",26428985,1
"4388",26435689,2
"4389",26437943,1
"4390",26438682,3
"4391",26439939,2
"4392",26449079,1
"4393",26451044,4
"4394",26460167,2
"4395",26460381,3
"4396",26461065,1
"4397",26462338,3
"4398",26464000,2
"4399",26464205,2
"4400",26464252,2
"4401",26469920,2
"4402",26475144,1
"4403",26480882,2
"4404",26481283,1
"4405",26484936,2
"4406",26491051,1
"4407",26491889,2
"4408",26492170,4
"4409",26500383,2
"4410",26504672,1
"4411",26506392,4
"4412",26509165,3
"4413",26512514,1
"4414",26514230,4
"4415",26517746,2
"4416",26520062,1
"4417",26536348,2
"4418",26536387,1
"4419",26537619,3
"4420",26547227,2
"4421",26547321,2
"4422",26548254,3
"4423",26551374,3
"4424",26557624,2
"4425",26560917,3
"4426",26567203,2
"4427",26570593,1
"4428",26572506,1
"4429",26573277,2
"4430",26575270,1
"4431",26579990,4
"4432",26583350,3
"4433",26586915,3
"4434",26594997,1
"4435",26598971,1
"4436",26599257,4
"4437",26603260,2
"4438",26605318,3
"4439",26610719,4
"4440",26613088,1
"4441",26617120,1
"4442",26617195,1
"4443",26618210,4
"4444",26619482,3
"4445",26619555,1
"4446",26621387,1
"4447",26621752,2
"4448",26621966,1
"4449",26623025,2
"4450",26625557,3
"4451",26627111,2
"4452",26627164,1
"4453",26627846,1
"4454",26628838,2
"4455",26629491,1
"4456",26630039,1
"4457",26635023,2
"4458",26640740,3
"4459",26643967,1
"4460",26654478,1
"4461",26654782,2
"4462",26659060,2
"4463",26665384,1
"4464",26668117,2
"4465",26669281,2
"4466",26672387,2
"4467",26672493,1
"4468",26678230,1
"4469",26683319,2
"4470",26683768,1
"4471",26689559,3
"4472",26689796,1
"4473",26694252,1
"4474",26695339,3
"4475",26696007,1
"4476",26699130,2
"4477",26699135,2
"4478",26702295,1
"4479",26703058,2
"4480",26703267,1
"4481",26704522,3
"4482",26709141,3
"4483",26709457,4
"4484",26709491,4
"4485",26712431,1
"4486",26713767,1
"4487",26716861,2
"4488",26722500,1
"4489",26723464,1
"4490",26725947,1
"4491",26727065,4
"4492",26728503,2
"4493",26729061,3
"4494",26730762,2
"4495",26732511,1
"4496",26732889,2
"4497",26741561,2
"4498",26741813,1
"4499",26743829,2
"4500",26745280,4
"4501",26749546,2
"4502",26750591,4
"4503",26754514,1
"4504",26754751,2
"4505",26755085,1
"4506",26761825,1
"4507",26763906,1
"4508",26766544,3
"4509",26775615,3
"4510",26778429,2
"4511",26780012,1
"4512",26780585,1
"4513",26781487,2
"4514",26788358,1
"4515",26793683,1
"4516",26795166,2
"4517",26799149,1
"4518",26802427,4
"4519",26803361,2
"4520",26804889,1
"4521",26805976,2
"4522",26806601,1
"4523",26814488,4
"4524",26817689,2
"4525",26818484,1
"4526",26819089,1
"4527",26826553,2
"4528",26827677,1
"4529",26828099,2
"4530",26829556,2
"4531",26829778,2
"4532",50858893,1
"4533",50858915,4
"4534",50858917,1
"4535",50859074,1
"4536",50859118,4
"4537",50859168,1
"4538",50859183,1
"4539",50859272,1
"4540",50859273,1
"4541",50859307,2
"4542",50859316,1
"4543",50860235,1
"4544",50860417,2
"4545",50860494,2
"4546",50860609,2
"4547",50860642,2
"4548",50860690,2
"4549",50860916,2
"4550",50860918,2
"4551",50860976,2
"4552",50860980,2
"4553",50861059,4
"4554",50861679,1
"4555",50861702,2
"4556",50861713,1
"4557",50861811,1
"4558",50861822,4
"4559",50861826,1
"4560",50861919,1
"4561",50862014,1
"4562",50862073,1
"4563",50862155,2
"4564",50862171,2
"4565",50862230,1
"4566",50862255,2
"4567",50862264,2
"4568",50862265,4
"4569",50862288,2
"4570",50862349,2
"4571",50862385,2
"4572",50863127,2
"4573",50863411,2
"4574",50863438,2
"4575",50863449,2
"4576",50863456,1
"4577",50863490,2
"4578",50863539,1
"4579",50863545,1
"4580",50863546,2
"4581",50863559,2
"4582",50863693,1
"4583",50863707,1
"4584",50863763,2
"4585",50863791,2
"4586",50863797,2
"4587",50863810,2
"4588",50863826,2
"4589",50863836,2
"4590",50863848,2
"4591",50863878,2
"4592",50863920,1
"4593",50864625,2
"4594",50864751,1
"4595",50864854,1
"4596",50864862,2
"4597",50864899,1
"4598",50865016,1
"4599",50865060,1
"4600",50865066,1
"4601",50865218,1
"4602",50865296,1
"4603",50865478,1
"4604",50865510,4
"4605",50865519,1
"4606",50865791,1
"4607",50865851,1
"4608",50865937,1
"4609",50866189,1
"4610",50866228,1
"4611",50866288,2
"4612",50866310,2
"4613",50866498,1
"4614",50866517,1
"4615",50866993,2
"4616",50866995,2
"4617",50867031,1
"4618",50867036,1
"4619",50867164,2
"4620",50867388,2
"4621",50867757,1
"4622",50867848,1
"4623",50867856,1
"4624",50868314,1
"4625",50868325,1
"4626",50868368,1
"4627",50868401,4
"4628",50868404,1
"4629",50868409,1
"4630",50868669,1
"4631",50869051,1
"4632",50869357,1
"4633",50869492,1
"4634",50869545,2
"4635",50869552,1
"4636",50869649,1
"4637",50869656,2
"4638",50869683,2
"4639",50870149,1
"4640",50870259,1
"4641",50870400,1
"4642",50870531,1
"4643",50870602,1
"4644",50870726,1
"4645",50870792,1
"4646",50870957,1
"4647",50871712,1
"4648",50871789,1
"4649",50871844,1
"4650",50871853,1
"4651",50871901,1
"4652",50871978,1
"4653",50871990,1
"4654",50872392,1
"4655",50872673,1
"4656",50872798,1
"4657",50872922,1
"4658",50872953,1
"4659",50873024,1
"4660",50873231,1
"4661",50873353,1
"4662",50873372,1
"4663",50873394,1
"4664",50873460,1
"4665",50873469,1
"4666",50873476,1
"4667",50873512,1
"4668",50873514,1
"4669",50873525,1
"4670",50873566,1
"4671",50873578,1
"4672",50873582,1
"4673",50873600,1
"4674",50874550,1
"4675",50874698,1
"4676",50874784,1
"4677",50874806,1
"4678",50874835,1
"4679",50874858,2
"4680",50874886,1
"4681",50874888,1
"4682",50874967,1
"4683",50874971,1
"4684",50875142,2
"4685",50875499,1
"4686",50875820,1
"4687",50875951,1
"4688",50876154,1
"4689",50876156,2
"4690",50876157,1
"4691",50876201,1
"4692",50876219,1
"4693",50876241,1
"4694",50876316,1
"4695",50876457,1
"4696",50876516,1
"4697",50876544,2
"4698",50876574,1
"4699",50876575,1
"4700",50876585,1
"4701",50876616,1
"4702",50876686,1
"4703",50876724,1
"4704",50876807,1
"4705",50876814,1
"4706",50876905,2
"4707",50876926,1
"4708",50876947,1
"4709",50876975,1
"4710",50877015,2
"4711",50877042,2
"4712",50877086,2
"4713",50877087,1
"4714",50877136,1
"4715",50877138,1
"4716",50877158,1
"4717",50877179,1
"4718",50877320,1
"4719",50877394,1
"4720",50877486,2
"4721",50877534,2
"4722",50877562,1
"4723",50877563,1
"4724",50877617,2
"4725",50877640,1
"4726",50877707,2
"4727",50877806,1
"4728",50877809,2
"4729",50877814,1
"4730",50877822,2
"4731",50877887,1
"4732",50877897,1
"4733",50877950,1
"4734",50877965,1
"4735",50877970,2
"4736",50878019,2
"4737",50878049,1
"4738",50878063,1
"4739",50878079,1
"4740",50878099,1
"4741",50878108,1
"4742",50878116,1
"4743",50878127,2
"4744",50878246,1
"4745",50878250,1
"4746",50878298,1
"4747",50878327,1
"4748",50878334,1
"4749",50878412,1
"4750",50878657,2
"4751",50878798,1
"4752",50878869,1
"4753",50878906,1
"4754",50879333,1
"4755",50879825,1
"4756",50879847,1
"4757",50879937,1
"4758",50879957,1
"4759",50879971,1
"4760",50879989,1
"4761",50879998,1
"4762",50880199,1
"4763",50880252,2
"4764",50880341,1
"4765",50880740,1
"4766",50880782,1
"4767",50880867,1
"4768",50880875,1
"4769",50880968,1
"4770",50880982,1
"4771",50881043,1
"4772",50881238,1
"4773",50881377,1
"4774",50881409,1
"4775",50881499,1
"4776",50881500,1
"4777",50881529,1
"4778",50881553,1
"4779",50881667,1
"4780",50881702,1
"4781",50888381,2
"4782",50888480,1
"4783",50888519,1
"4784",50888606,1
"4785",50888736,1
"4786",50888805,1
"4787",50888833,1
"4788",50888844,1
"4789",50888865,1
"4790",50888881,1
"4791",50888883,1
"4792",50888887,1
"4793",50888916,1
"4794",50888966,1
"4795",50889016,2
"4796",50889020,2
"4797",50889044,1
"4798",50889045,1
"4799",50889046,1
"4800",50889067,1
"4801",50889300,1
"4802",50889467,1
"4803",50889532,1
"4804",50889543,1
"4805",50889575,1
"4806",50889631,1
"4807",50889660,2
"4808",50889684,1
"4809",50889700,1
"4810",50889715,1
"4811",50889728,1
"4812",50889746,1
"4813",50889752,1
"4814",50889801,1
"4815",50889814,1
"4816",50889861,2
"4817",50889923,1
"4818",50889927,1
"4819",50889928,1
"4820",50889943,1
"4821",50889964,1
"4822",50890011,1
"4823",50890137,1
"4824",50890156,1
"4825",50890205,1
"4826",50890255,1
"4827",50890256,1
"4828",50890326,1
"4829",50890343,1
"4830",50890608,2
"4831",50890718,1
"4832",50890724,1
"4833",50890795,1
"4834",50890841,1
"4835",50890875,1
"4836",50891452,1
"4837",50892080,1
"4838",50892107,1
"4839",50894647,1
"4840",50894666,1
"4841",50894785,1
"4842",50894791,1
"4843",50894870,1
"4844",50894919,2
"4845",50894929,1
"4846",50894931,1
"4847",50895081,1
"4848",50895121,1
"4849",50895185,1
"4850",50895200,2
"4851",50895219,1
"4852",50895238,1
"4853",50895254,1
"4854",50895257,1
"4855",50895274,1
"4856",50895279,1
"4857",50895299,1
"4858",50895419,1
"4859",50895466,1
"4860",50895508,1
"4861",50895591,1
"4862",50896975,1
"4863",50897765,1
"4864",50897772,1
"4865",50897774,1
"4866",50897829,1
"4867",50897941,2
"4868",50897999,2
"4869",50898396,1
"4870",50898456,2
"4871",50898461,1
"4872",50898537,1
"4873",50898545,1
"4874",50898551,2
"4875",50898721,1
"4876",50898731,1
"4877",50898743,2
"4878",50898757,1
"4879",50898811,1
"4880",50898927,1
"4881",50898997,2
"4882",50899452,2
"4883",50899501,1
"4884",50899511,1
"4885",50899516,1
"4886",50899533,1
"4887",50899564,1
"4888",50900045,1
"4889",50900089,1
"4890",50900101,1
"4891",50902588,1
"4892",50903353,1
"4893",50903406,1
"4894",50903533,2
"4895",50903560,1
"4896",50903612,1
"4897",50904086,1
"4898",50904127,1
"4899",50904197,2
"4900",50904741,1
"4901",50904835,1
"4902",50904931,1
"4903",50904967,2
"4904",50905143,1
"4905",50905373,1
"4906",50905616,1
"4907",50905662,2
"4908",50905721,1
"4909",50905722,1
"4910",50905872,1
"4911",50905964,1
"4912",50906524,1
"4913",50906626,1
"4914",50908128,1
"4915",50908133,1
"4916",50908158,1
"4917",50908184,1
"4918",50908187,2
"4919",50908205,1
"4920",50908354,1
"4921",50908414,1
"4922",50908592,1
"4923",50908593,1
"4924",50909042,1
"4925",50909045,1
"4926",50909073,1
"4927",50909159,1
"4928",50909162,1
"4929",50909213,2
"4930",50909670,2
"4931",50910502,2
"4932",50912777,1
"4933",50912788,1
"4934",50913696,1
"4935",50913796,1
"4936",50913798,1
"4937",50915694,1
"4938",50917799,1
"4939",50918333,1
"4940",50918348,1
"4941",50918368,1
"4942",50918428,1
"4943",50918461,1
"4944",50918508,1
"4945",50918512,1
"4946",50918774,1
"4947",50918831,1
"4948",50918852,1
"4949",50918855,1
"4950",50918863,1
"4951",50918893,1
"4952",50918907,1
"4953",50918917,1
"4954",50918920,1
"4955",50918933,1
"4956",50918965,1
"4957",50919146,1
"4958",50920636,1
"4959",50923468,1
"4960",50923476,1
"4961",50923489,1
"4962",50923812,1
"4963",50923942,1
"4964",50923947,1
"4965",50924021,1
"4966",50924026,1
"4967",50924031,1
"4968",50924088,1
"4969",50924129,1
"4970",50924158,1
"4971",50924173,1
"4972",50924561,1
"4973",50924568,1
"4974",50924570,1
"4975",50924583,1
"4976",50924605,1
"4977",50924617,1
"4978",50924625,1
"4979",50924731,2
"4980",50924736,1
"4981",50924926,1
"4982",50924929,1
"4983",50924948,1
"4984",50924999,2
"4985",50925019,1
"4986",50925182,1
"4987",50925243,1
"4988",50925251,1
"4989",50925615,1
"4990",50925618,1
"4991",50925753,1
"4992",50925884,1
"4993",50926404,1
"4994",50926473,1
"4995",50926501,1
"4996",50926611,1
"4997",50926620,2
"4998",50928025,1
"4999",50928855,1
"5000",50928992,2
